#
# A fatal error has been detected by the Java Runtime Environment:
#
#  EXCEPTION_ACCESS_VIOLATION (0xc0000005) at pc=0x00007ffa20cf943b, pid=7172, tid=6240
#
# JRE version: OpenJDK Runtime Environment Microsoft-14653939 (17.0.20+8) (build 17.0.20+8-LTS)
# Java VM: OpenJDK 64-Bit Server VM Microsoft-14653939 (17.0.20+8-LTS, mixed mode, sharing, tiered, compressed oops, compressed class ptrs, g1 gc, windows-amd64)
# Problematic frame:
# V  [jvm.dll+0x22943b]
#
# No core dump will be written. Minidumps are not enabled by default on client versions of Windows
#
# If you would like to submit a bug report, please visit:
#   https://github.com/microsoft/openjdk/issues
#

---------------  S U M M A R Y ------------

Command Line: --add-opens=java.base/java.util=ALL-UNNAMED --add-opens=java.base/java.lang=ALL-UNNAMED --add-opens=java.base/java.lang.invoke=ALL-UNNAMED --add-opens=java.prefs/java.util.prefs=ALL-UNNAMED --add-opens=java.base/java.nio.charset=ALL-UNNAMED --add-opens=java.base/java.net=ALL-UNNAMED --add-opens=java.base/java.util.concurrent.atomic=ALL-UNNAMED -Xmx2048m -Dfile.encoding=UTF-8 -Duser.country=DE -Duser.language=de -Duser.variant -javaagent:C:\Users\ansga\.gradle\wrapper\dists\gradle-8.5-bin\5t9huq95ubn472n8rpzujfbqh\gradle-8.5\lib\agents\gradle-instrumentation-agent-8.5.jar org.gradle.launcher.daemon.bootstrap.GradleDaemon 8.5

Host: Intel(R) Core(TM) i5-10210U CPU @ 1.60GHz, 8 cores, 15G,  Windows 11 , 64 bit Build 26100 (10.0.26100.9168)
Time: Thu Aug 13 23:12:33 2026 Mitteleuropäische Sommerzeit elapsed time: 125.181556 seconds (0d 0h 2m 5s)

---------------  T H R E A D  ---------------

Current thread (0x000001c0f3259d00):  JavaThread "C2 CompilerThread1" daemon [_thread_in_native, id=6240, stack(0x00000009abd00000,0x00000009abe00000)]


Current CompileTask:
C2:125181 28912       4       org.jetbrains.org.objectweb.asm.ClassReader::readMethod (1061 bytes)

Stack: [0x00000009abd00000,0x00000009abe00000],  sp=0x00000009abdfb1e0,  free space=1004k
Native frames: (J=compiled Java code, j=interpreted, Vv=VM code, C=native code)
V  [jvm.dll+0x22943b]  (no source info available)
V  [jvm.dll+0x5b5a4b]  (no source info available)
V  [jvm.dll+0x5ae19c]  (no source info available)
V  [jvm.dll+0x2c20fd]  (no source info available)
V  [jvm.dll+0x2c17c0]  (no source info available)
V  [jvm.dll+0x2be765]  (no source info available)
V  [jvm.dll+0x2bedea]  (no source info available)
V  [jvm.dll+0x21f97f]  (no source info available)
V  [jvm.dll+0x21d375]  (no source info available)
V  [jvm.dll+0x1a8db6]  (no source info available)
V  [jvm.dll+0x22dcdb]  (no source info available)
V  [jvm.dll+0x22be66]  (no source info available)
V  [jvm.dll+0x7fc40b]  (no source info available)
V  [jvm.dll+0x7f67dc]  (no source info available)
V  [jvm.dll+0x68e6f7]  (no source info available)
C  [ucrtbase.dll+0x2cd30]  (no source info available)
C  [KERNEL32.DLL+0x2ccb7]  (no source info available)
C  [ntdll.dll+0xaad6c]  (no source info available)


siginfo: EXCEPTION_ACCESS_VIOLATION (0xc0000005), reading address 0x0000000000000010


Registers:
RAX=0x000001c0e8440148, RBX=0x000001c0e9d48920, RCX=0x00000009abdfea80, RDX=0x0000000000000000
RSP=0x00000009abdfb1e0, RBP=0x0000000000000041, RSI=0x000000000000000a, RDI=0x000001c0f8c7a810
R8 =0x0000000000000000, R9 =0x0000000000000000, R10=0x00007ffaaf3e0000, R11=0x0000000000000000
R12=0x000000000000000c, R13=0x0000000000000000, R14=0x00000009abdfb420, R15=0x000000000000000a
RIP=0x00007ffa20cf943b, EFLAGS=0x0000000000010202

XMM[0]=0x0000000000000000 0x0000000000000000
XMM[1]=0x000001c0f3c03198 0x000001c0eba3fbe0
XMM[2]=0x000001c0f3a0f2e8 0x000001c0eba3ee60
XMM[3]=0x000001c0ecb3d230 0x000001c0ed843970
XMM[4]=0x000001c0f57ace18 0x000001c0f57abed0
XMM[5]=0x000001c0f47ec7e8 0x000001c0f47ec7e8
XMM[6]=0x0000000000000000 0x0000000000000000
XMM[7]=0x0000000000000000 0x0000000000000000
XMM[8]=0x0000000000000000 0x0000000000000000
XMM[9]=0x0000000000000000 0x0000000000000000
XMM[10]=0x0000000000000000 0x0000000000000000
XMM[11]=0x0000000000000000 0x0000000000000000
XMM[12]=0x0000000000000000 0x0000000000000000
XMM[13]=0x0000000000000000 0x0000000000000000
XMM[14]=0x0000000000000000 0x0000000000000000
XMM[15]=0x0000000000000000 0x0000000000000000
  MXCSR=0x00001fa0


Register to memory mapping:

RIP=0x00007ffa20cf943b jvm.dll
RAX=0x000001c0e8440148 points into unknown readable memory: 0x0000000000000041 | 41 00 00 00 00 00 00 00
RBX=0x000001c0e9d48920 points into unknown readable memory: 0x00007ffa2147f788 | 88 f7 47 21 fa 7f 00 00
RCX=0x00000009abdfea80 is pointing into the stack for thread: 0x000001c0f3259d00
RDX=0x0 is NULL
RSP=0x00000009abdfb1e0 is pointing into the stack for thread: 0x000001c0f3259d00
RBP=0x0000000000000041 is an unknown value
RSI=0x000000000000000a is an unknown value
RDI=0x000001c0f8c7a810 points into unknown readable memory: 0x00007ffa214af9a8 | a8 f9 4a 21 fa 7f 00 00
R8 =0x0 is NULL
R9 =0x0 is NULL
R10=0x00007ffaaf3e0000 VCRUNTIME140.dll
R11=0x0 is NULL
R12=0x000000000000000c is an unknown value
R13=0x0 is NULL
R14=0x00000009abdfb420 is pointing into the stack for thread: 0x000001c0f3259d00
R15=0x000000000000000a is an unknown value


Top of Stack: (sp=0x00000009abdfb1e0)
0x00000009abdfb1e0:   0000000000000000 0000000000000000
0x00000009abdfb1f0:   0000000000000000 00000009abdfb420
0x00000009abdfb200:   000001c0e9d48920 00007ffa21085a4b
0x00000009abdfb210:   00000009abdff110 000001c0f8c7a490
0x00000009abdfb220:   0000000000000b6b 00007ffa212dab60
0x00000009abdfb230:   000001c0f8c7d250 000001c0f3ed3850
0x00000009abdfb240:   000001c0ed765ad0 00007ffa7fffff00
0x00000009abdfb250:   000000000000000c 0000000000000004
0x00000009abdfb260:   0000000000000b6b 00007ffa212d8451
0x00000009abdfb270:   000000007fffffff 0000000000000001
0x00000009abdfb280:   0000000000000000 000001c0ed9d86c8
0x00000009abdfb290:   000000000000000c 000000000000000a
0x00000009abdfb2a0:   000001c0f8c7a490 0000000000000000
0x00000009abdfb2b0:   000001c0eba3fbe0 000001c0e2983100
0x00000009abdfb2c0:   000001c0e2d63320 00000009abdfb420
0x00000009abdfb2d0:   000001c0eb8d2580 00007ffa2107e19c
0x00000009abdfb2e0:   000001c000000041 000001c0e9d48920
0x00000009abdfb2f0:   000001c0eba3ff30 00007ffa0000000a
0x00000009abdfb300:   000001c0e2d63320 000001c0f8c7a810
0x00000009abdfb310:   000001c0ecb01400 00007ffa20d7a15c
0x00000009abdfb320:   000001c0f8c7a490 000001c0ece11390
0x00000009abdfb330:   0000000000000000 000001c0ed9d86c8
0x00000009abdfb340:   000001c0ed765b18 0000000000000004
0x00000009abdfb350:   000001c0ed9d8398 00007ffa20b4baf4
0x00000009abdfb360:   000001c0f2657968 000001c0ed9d8398
0x00000009abdfb370:   000001c0ed765ad0 000001c0ed9d8658
0x00000009abdfb380:   000001c0eba3fbe0 000001c0f2657968
0x00000009abdfb390:   000001c0ea3cdf40 000001c0f4e973d0
0x00000009abdfb3a0:   0000000000000006 0000000000000001
0x00000009abdfb3b0:   000001c0ecb01400 00007ffa20d920fd
0x00000009abdfb3c0:   00000009abdfb420 000001c0ecb01400
0x00000009abdfb3d0:   0000000000000000 0000000000000000 

Instructions: (pc=0x00007ffa20cf943b)
0x00007ffa20cf933b:   01 00 00 00 48 8b f9 39 99 f0 01 00 00 7e 62 66
0x00007ffa20cf934b:   0f 1f 44 00 00 4c 8b 87 f8 01 00 00 8d 43 ff 48
0x00007ffa20cf935b:   63 d0 48 63 c3 49 8d 14 d0 49 8d 0c c0 e8 83 7a
0x00007ffa20cf936b:   ff ff 85 c0 78 15 ff c3 3b 9f f0 01 00 00 7c d5
0x00007ffa20cf937b:   48 8b 5c 24 30 48 83 c4 20 5f c3 48 8b 8f f8 01
0x00007ffa20cf938b:   00 00 48 85 c9 74 1a 48 63 97 f0 01 00 00 4c 8d
0x00007ffa20cf939b:   0d 50 7a ff ff 41 b8 08 00 00 00 ff 15 a4 b5 67
0x00007ffa20cf93ab:   00 48 8b 5c 24 30 48 83 c4 20 5f c3 cc cc cc cc
0x00007ffa20cf93bb:   cc cc cc cc cc 48 83 ec 08 4c 63 91 a8 01 00 00
0x00007ffa20cf93cb:   4c 8b c9 4d 85 d2 7e 4a 33 c0 48 89 1c 24 44 8b
0x00007ffa20cf93db:   c0 0f 1f 40 00 4d 8b 99 b0 01 00 00 49 8b 1c c3
0x00007ffa20cf93eb:   8b 4b 2c 83 e1 3f 80 f9 27 75 1b 49 3b c0 74 13
0x00007ffa20cf93fb:   4b 8b 14 c3 4b 89 1c c3 49 8b 89 b0 01 00 00 48
0x00007ffa20cf940b:   89 14 c1 49 ff c0 48 ff c0 49 3b c2 7c c7 48 8b
0x00007ffa20cf941b:   1c 24 48 83 c4 08 c3 cc cc cc cc cc cc cc cc cc
0x00007ffa20cf942b:   cc cc cc cc cc 48 83 ec 28 48 8b 91 d0 02 00 00
0x00007ffa20cf943b:   48 8b 42 10 8b 4a 20 4c 8d 04 c8 49 3b c0 73 1c
0x00007ffa20cf944b:   0f 1f 44 00 00 48 8b 10 8b 4a 2c 83 e1 0f 80 f9
0x00007ffa20cf945b:   09 74 33 48 83 c0 08 49 3b c0 72 e9 4c 8d 0d 92
0x00007ffa20cf946b:   88 72 00 41 b8 4a 04 00 00 48 8d 15 a5 88 72 00
0x00007ffa20cf947b:   b9 00 00 00 e0 e8 1b 39 02 00 e8 66 5e 46 00 33
0x00007ffa20cf948b:   c0 48 83 c4 28 c3 48 8b c2 48 83 c4 28 c3 cc cc
0x00007ffa20cf949b:   cc cc cc cc cc 48 89 5c 24 08 48 89 6c 24 10 48
0x00007ffa20cf94ab:   89 74 24 18 48 89 7c 24 20 41 56 48 83 ec 20 48
0x00007ffa20cf94bb:   3b 15 f7 3c 96 00 49 8b f0 48 8b fa 48 8b e9 0f
0x00007ffa20cf94cb:   84 18 01 00 00 48 8b 02 48 8b ca 48 8b da 4d 8b
0x00007ffa20cf94db:   f0 ff 50 58 84 c0 74 0b 48 8b cb e8 05 c7 f9 ff
0x00007ffa20cf94eb:   48 8b d8 48 8b 0e 48 8b 51 58 48 8b ce ff d2 84
0x00007ffa20cf94fb:   c0 74 0b 48 8b ce e8 ea c6 f9 ff 4c 8b f0 48 8b
0x00007ffa20cf950b:   0e 48 8b 91 b8 00 00 00 48 8b ce ff d2 84 c0 75
0x00007ffa20cf951b:   60 48 8b d7 48 8b ce e8 79 5b fa ff 84 c0 0f 85
0x00007ffa20cf952b:   b9 00 00 00 48 8b 03 48 8b cb ff 50 48 84 c0 74 


Stack slot to memory mapping:
stack at sp + 0 slots: 0x0 is NULL
stack at sp + 1 slots: 0x0 is NULL
stack at sp + 2 slots: 0x0 is NULL
stack at sp + 3 slots: 0x00000009abdfb420 is pointing into the stack for thread: 0x000001c0f3259d00
stack at sp + 4 slots: 0x000001c0e9d48920 points into unknown readable memory: 0x00007ffa2147f788 | 88 f7 47 21 fa 7f 00 00
stack at sp + 5 slots: 0x00007ffa21085a4b jvm.dll
stack at sp + 6 slots: 0x00000009abdff110 is pointing into the stack for thread: 0x000001c0f3259d00
stack at sp + 7 slots: 0x000001c0f8c7a490 points into unknown readable memory: 0x00007ffa214af9a8 | a8 f9 4a 21 fa 7f 00 00


---------------  P R O C E S S  ---------------

Threads class SMR info:
_java_thread_list=0x000001c0f433b6d0, length=148, elements={
0x000001c0c26ce920, 0x000001c0e294b120, 0x000001c0e294bbf0, 0x000001c0e2964bd0,
0x000001c0e29654a0, 0x000001c0e2965d70, 0x000001c0e2966de0, 0x000001c0e296a190,
0x000001c0e2973fc0, 0x000001c0e29764f0, 0x000001c0e2e23110, 0x000001c0e2ebf9d0,
0x000001c0e85da6a0, 0x000001c0e85fee70, 0x000001c0e965a030, 0x000001c0e976bae0,
0x000001c0e8b25280, 0x000001c0e37be060, 0x000001c0e37bf9b0, 0x000001c0e36b72c0,
0x000001c0e36b5460, 0x000001c0e36b6db0, 0x000001c0e36b68a0, 0x000001c0e36b6390,
0x000001c0e36b77d0, 0x000001c0e36b5e80, 0x000001c0e36b7ce0, 0x000001c0e36b4530,
0x000001c0e36b4f50, 0x000001c0e36b4a40, 0x000001c0e9962820, 0x000001c0e9963750,
0x000001c0e99604b0, 0x000001c0e995ffa0, 0x000001c0e9963240, 0x000001c0e9963c60,
0x000001c0e9964170, 0x000001c0e99609c0, 0x000001c0e9964680, 0x000001c0e99618f0,
0x000001c0e99613e0, 0x000001c0e9961e00, 0x000001c0e99650a0, 0x000001c0e99655b0,
0x000001c0e9965ac0, 0x000001c0e9962310, 0x000001c0e9965fd0, 0x000001c0e99669f0,
0x000001c0e99664e0, 0x000001c0e9966f00, 0x000001c0e9967410, 0x000001c0e9e5b9d0,
0x000001c0e9e5afb0, 0x000001c0e9e5e760, 0x000001c0e9e5d320, 0x000001c0e9e5f690,
0x000001c0e9e5f180, 0x000001c0e9e5fba0, 0x000001c0e9e5dd40, 0x000001c0e9e60fe0,
0x000001c0e9e605c0, 0x000001c0e9e60ad0, 0x000001c0e9e5e250, 0x000001c0e9e5ec70,
0x000001c0e36b5970, 0x000001c0eca859e0, 0x000001c0eca86e20, 0x000001c0eca84ab0,
0x000001c0eca88260, 0x000001c0eca87330, 0x000001c0eca84fc0, 0x000001c0eca85ef0,
0x000001c0eca86400, 0x000001c0eca87840, 0x000001c0eca88770, 0x000001c0eca854d0,
0x000001c0eca89bb0, 0x000001c0eca86910, 0x000001c0eca88c80, 0x000001c0eca8a0c0,
0x000001c0eca89190, 0x000001c0eca8a5d0, 0x000001c0eca8aff0, 0x000001c0eca8b500,
0x000001c0eca8aae0, 0x000001c0eca87d50, 0x000001c0eca8c430, 0x000001c0eca8ba10,
0x000001c0eca8bf20, 0x000001c0eabae8b0, 0x000001c0eabad980, 0x000001c0eabaedc0,
0x000001c0eabad470, 0x000001c0eabade90, 0x000001c0eabae3a0, 0x000001c0eabaf7e0,
0x000001c0eabaf2d0, 0x000001c0eabafcf0, 0x000001c0eabac540, 0x000001c0eabaca50,
0x000001c0eabb1130, 0x000001c0eabb34a0, 0x000001c0eabb3ec0, 0x000001c0eabb0c20,
0x000001c0eabb39b0, 0x000001c0eabb0710, 0x000001c0eabb2060, 0x000001c0eabb2570,
0x000001c0eabb2a80, 0x000001c0eabb2f90, 0x000001c0e34fe070, 0x000001c0e34fd650,
0x000001c0e34fd140, 0x000001c0e34fdb60, 0x000001c0e34fe580, 0x000001c0e34ff4b0,
0x000001c0e34ffed0, 0x000001c0e34fea90, 0x000001c0e3503b90, 0x000001c0e3502750,
0x000001c0e3501d30, 0x000001c0e3502240, 0x000001c0e35003e0, 0x000001c0e3503170,
0x000001c0e3501820, 0x000001c0e3503680, 0x000001c0e35040a0, 0x000001c0e35008f0,
0x000001c0e35045b0, 0x000001c0e3500e00, 0x000001c0ed5f37d0, 0x000001c0ed5f5b40,
0x000001c0ed5f41f0, 0x000001c0ed5f5630, 0x000001c0ed5f2390, 0x000001c0ed5f32c0,
0x000001c0ed5f6050, 0x000001c0ed5f28a0, 0x000001c0ed5f4700, 0x000001c0e2fc9440,
0x000001c0ed5f6560, 0x000001c0ed5f6a70, 0x000001c0ed5f83c0, 0x000001c0f4084690,
0x000001c0f27a4b50, 0x000001c0f27a5060, 0x000001c0f3259d00, 0x000001c0f325b790
}

Java Threads: ( => current thread )
  0x000001c0c26ce920 JavaThread "main" [_thread_blocked, id=4696, stack(0x00000009a2600000,0x00000009a2700000)]
  0x000001c0e294b120 JavaThread "Reference Handler" daemon [_thread_blocked, id=11576, stack(0x00000009a2d00000,0x00000009a2e00000)]
  0x000001c0e294bbf0 JavaThread "Finalizer" daemon [_thread_blocked, id=15568, stack(0x00000009a2e00000,0x00000009a2f00000)]
  0x000001c0e2964bd0 JavaThread "Signal Dispatcher" daemon [_thread_blocked, id=5888, stack(0x00000009a2f00000,0x00000009a3000000)]
  0x000001c0e29654a0 JavaThread "Attach Listener" daemon [_thread_blocked, id=12972, stack(0x00000009a3000000,0x00000009a3100000)]
  0x000001c0e2965d70 JavaThread "Service Thread" daemon [_thread_blocked, id=3272, stack(0x00000009a3100000,0x00000009a3200000)]
  0x000001c0e2966de0 JavaThread "Monitor Deflation Thread" daemon [_thread_blocked, id=8228, stack(0x00000009a3200000,0x00000009a3300000)]
  0x000001c0e296a190 JavaThread "C2 CompilerThread0" daemon [_thread_in_native, id=4988, stack(0x00000009a3300000,0x00000009a3400000)]
  0x000001c0e2973fc0 JavaThread "C1 CompilerThread0" daemon [_thread_blocked, id=8796, stack(0x00000009a3400000,0x00000009a3500000)]
  0x000001c0e29764f0 JavaThread "Sweeper thread" daemon [_thread_blocked, id=11296, stack(0x00000009a3500000,0x00000009a3600000)]
  0x000001c0e2e23110 JavaThread "Common-Cleaner" daemon [_thread_blocked, id=18320, stack(0x00000009a3600000,0x00000009a3700000)]
  0x000001c0e2ebf9d0 JavaThread "Notification Thread" daemon [_thread_blocked, id=14432, stack(0x00000009a3700000,0x00000009a3800000)]
  0x000001c0e85da6a0 JavaThread "Daemon health stats" [_thread_blocked, id=17256, stack(0x00000009a4000000,0x00000009a4100000)]
  0x000001c0e85fee70 JavaThread "Incoming local TCP Connector on port 54959" [_thread_in_native, id=14984, stack(0x00000009a3900000,0x00000009a3a00000)]
  0x000001c0e965a030 JavaThread "Daemon periodic checks" [_thread_blocked, id=11364, stack(0x00000009a3a00000,0x00000009a3b00000)]
  0x000001c0e976bae0 JavaThread "Daemon" [_thread_blocked, id=19424, stack(0x00000009a4100000,0x00000009a4200000)]
  0x000001c0e8b25280 JavaThread "Handler for socket connection from /127.0.0.1:54959 to /127.0.0.1:54960" [_thread_in_native, id=17100, stack(0x00000009a4200000,0x00000009a4300000)]
  0x000001c0e37be060 JavaThread "Cancel handler" [_thread_blocked, id=5800, stack(0x00000009a4300000,0x00000009a4400000)]
  0x000001c0e37bf9b0 JavaThread "Daemon worker" [_thread_blocked, id=10788, stack(0x00000009a4400000,0x00000009a4500000)]
  0x000001c0e36b72c0 JavaThread "Asynchronous log dispatcher for DefaultDaemonConnection: socket connection from /127.0.0.1:54959 to /127.0.0.1:54960" [_thread_blocked, id=18068, stack(0x00000009a4500000,0x00000009a4600000)]
  0x000001c0e36b5460 JavaThread "Stdin handler" [_thread_blocked, id=19428, stack(0x00000009a4600000,0x00000009a4700000)]
  0x000001c0e36b6db0 JavaThread "Daemon client event forwarder" [_thread_blocked, id=18568, stack(0x00000009a4700000,0x00000009a4800000)]
  0x000001c0e36b68a0 JavaThread "Cache worker for journal cache (C:\Users\ansga\.gradle\caches\journal-1)" [_thread_blocked, id=8032, stack(0x00000009a4900000,0x00000009a4a00000)]
  0x000001c0e36b6390 JavaThread "File lock request listener" [_thread_in_native, id=10144, stack(0x00000009a4a00000,0x00000009a4b00000)]
  0x000001c0e36b77d0 JavaThread "Cache worker for file hash cache (C:\Users\ansga\.gradle\caches\8.5\fileHashes)" [_thread_in_native, id=17856, stack(0x00000009a4800000,0x00000009a4900000)]
  0x000001c0e36b5e80 JavaThread "File watcher server" daemon [_thread_in_native, id=14504, stack(0x00000009a4d00000,0x00000009a4e00000)]
  0x000001c0e36b7ce0 JavaThread "File watcher consumer" daemon [_thread_blocked, id=18060, stack(0x00000009a4e00000,0x00000009a4f00000)]
  0x000001c0e36b4530 JavaThread "Cache worker for checksums cache (C:\Users\ansga\Desktop\budget app\.gradle\8.5\checksums)" [_thread_blocked, id=13956, stack(0x00000009a5200000,0x00000009a5300000)]
  0x000001c0e36b4f50 JavaThread "Cache worker for file hash cache (C:\Users\ansga\Desktop\budget app\.gradle\8.5\fileHashes)" [_thread_blocked, id=2120, stack(0x00000009a4c00000,0x00000009a4d00000)]
  0x000001c0e36b4a40 JavaThread "Cache worker for cache directory md-supplier (C:\Users\ansga\.gradle\caches\8.5\md-supplier)" [_thread_blocked, id=13492, stack(0x00000009a4b00000,0x00000009a4c00000)]
  0x000001c0e9962820 JavaThread "Cache worker for cache directory md-rule (C:\Users\ansga\.gradle\caches\8.5\md-rule)" [_thread_blocked, id=11416, stack(0x00000009a5300000,0x00000009a5400000)]
  0x000001c0e9963750 JavaThread "Cache worker for file content cache (C:\Users\ansga\.gradle\caches\8.5\fileContent)" [_thread_blocked, id=10076, stack(0x00000009a5400000,0x00000009a5500000)]
  0x000001c0e99604b0 JavaThread "Cache worker for execution history cache (C:\Users\ansga\.gradle\caches\8.5\executionHistory)" [_thread_blocked, id=10360, stack(0x00000009a5500000,0x00000009a5600000)]
  0x000001c0e995ffa0 JavaThread "Cache worker for kotlin-dsl (C:\Users\ansga\.gradle\caches\8.5\kotlin-dsl)" [_thread_blocked, id=8548, stack(0x00000009a5800000,0x00000009a5900000)]
  0x000001c0e9963240 JavaThread "jar transforms" [_thread_blocked, id=18164, stack(0x00000009a5900000,0x00000009a5a00000)]
  0x000001c0e9963c60 JavaThread "jar transforms Thread 2" [_thread_blocked, id=15272, stack(0x00000009a5a00000,0x00000009a5b00000)]
  0x000001c0e9964170 JavaThread "jar transforms Thread 3" [_thread_blocked, id=10172, stack(0x00000009a5b00000,0x00000009a5c00000)]
  0x000001c0e99609c0 JavaThread "jar transforms Thread 4" [_thread_blocked, id=3032, stack(0x00000009a5c00000,0x00000009a5d00000)]
  0x000001c0e9964680 JavaThread "Cache worker for dependencies-accessors (C:\Users\ansga\Desktop\budget app\.gradle\8.5\dependencies-accessors)" [_thread_blocked, id=19140, stack(0x00000009a5d00000,0x00000009a5e00000)]
  0x000001c0e99618f0 JavaThread "Cache worker for Build Output Cleanup Cache (C:\Users\ansga\Desktop\budget app\.gradle\buildOutputCleanup)" [_thread_blocked, id=2376, stack(0x00000009a5e00000,0x00000009a5f00000)]
  0x000001c0e99613e0 JavaThread "jar transforms Thread 5" [_thread_blocked, id=18252, stack(0x00000009a5f00000,0x00000009a6000000)]
  0x000001c0e9961e00 JavaThread "jar transforms Thread 6" [_thread_blocked, id=9396, stack(0x00000009a6000000,0x00000009a6100000)]
  0x000001c0e99650a0 JavaThread "Unconstrained build operations" [_thread_blocked, id=18260, stack(0x00000009a6100000,0x00000009a6200000)]
  0x000001c0e99655b0 JavaThread "Unconstrained build operations Thread 2" [_thread_blocked, id=8740, stack(0x00000009a6200000,0x00000009a6300000)]
  0x000001c0e9965ac0 JavaThread "Unconstrained build operations Thread 3" [_thread_blocked, id=6924, stack(0x00000009a6300000,0x00000009a6400000)]
  0x000001c0e9962310 JavaThread "Unconstrained build operations Thread 4" [_thread_blocked, id=17568, stack(0x00000009a6400000,0x00000009a6500000)]
  0x000001c0e9965fd0 JavaThread "Unconstrained build operations Thread 5" [_thread_blocked, id=11132, stack(0x00000009a6500000,0x00000009a6600000)]
  0x000001c0e99669f0 JavaThread "Unconstrained build operations Thread 6" [_thread_blocked, id=18440, stack(0x00000009a6600000,0x00000009a6700000)]
  0x000001c0e99664e0 JavaThread "Unconstrained build operations Thread 7" [_thread_blocked, id=15692, stack(0x00000009a6700000,0x00000009a6800000)]
  0x000001c0e9966f00 JavaThread "jar transforms Thread 7" [_thread_blocked, id=10384, stack(0x00000009a6800000,0x00000009a6900000)]
  0x000001c0e9967410 JavaThread "jar transforms Thread 8" [_thread_blocked, id=7624, stack(0x00000009a6900000,0x00000009a6a00000)]
  0x000001c0e9e5b9d0 JavaThread "Memory manager" [_thread_blocked, id=14720, stack(0x00000009a5700000,0x00000009a5800000)]
  0x000001c0e9e5afb0 JavaThread "build event listener" [_thread_blocked, id=16796, stack(0x00000009a6b00000,0x00000009a6c00000)]
  0x000001c0e9e5e760 JavaThread "included builds" [_thread_blocked, id=18968, stack(0x00000009a6c00000,0x00000009a6d00000)]
  0x000001c0e9e5d320 JavaThread "Execution worker" [_thread_blocked, id=9348, stack(0x00000009a6d00000,0x00000009a6e00000)]
  0x000001c0e9e5f690 JavaThread "Execution worker Thread 2" [_thread_blocked, id=1868, stack(0x00000009a6e00000,0x00000009a6f00000)]
  0x000001c0e9e5f180 JavaThread "Execution worker Thread 3" [_thread_blocked, id=18104, stack(0x00000009a6f00000,0x00000009a7000000)]
  0x000001c0e9e5fba0 JavaThread "Execution worker Thread 4" [_thread_blocked, id=7128, stack(0x00000009a7000000,0x00000009a7100000)]
  0x000001c0e9e5dd40 JavaThread "Execution worker Thread 5" [_thread_blocked, id=9236, stack(0x00000009a7100000,0x00000009a7200000)]
  0x000001c0e9e60fe0 JavaThread "Execution worker Thread 6" [_thread_blocked, id=1900, stack(0x00000009a7200000,0x00000009a7300000)]
  0x000001c0e9e605c0 JavaThread "Execution worker Thread 7" [_thread_blocked, id=7580, stack(0x00000009a7300000,0x00000009a7400000)]
  0x000001c0e9e60ad0 JavaThread "Cache worker for execution history cache (C:\Users\ansga\Desktop\budget app\.gradle\8.5\executionHistory)" [_thread_blocked, id=12736, stack(0x00000009a7400000,0x00000009a7500000)]
  0x000001c0e9e5e250 JavaThread "Unconstrained build operations Thread 8" [_thread_blocked, id=14800, stack(0x00000009a7600000,0x00000009a7700000)]
  0x000001c0e9e5ec70 JavaThread "Unconstrained build operations Thread 9" [_thread_blocked, id=2320, stack(0x00000009a7700000,0x00000009a7800000)]
  0x000001c0e36b5970 JavaThread "Unconstrained build operations Thread 10" [_thread_blocked, id=14876, stack(0x00000009a7800000,0x00000009a7900000)]
  0x000001c0eca859e0 JavaThread "Unconstrained build operations Thread 11" [_thread_blocked, id=17724, stack(0x00000009a7900000,0x00000009a7a00000)]
  0x000001c0eca86e20 JavaThread "Unconstrained build operations Thread 12" [_thread_blocked, id=9412, stack(0x00000009a7a00000,0x00000009a7b00000)]
  0x000001c0eca84ab0 JavaThread "Unconstrained build operations Thread 13" [_thread_blocked, id=9300, stack(0x00000009a7b00000,0x00000009a7c00000)]
  0x000001c0eca88260 JavaThread "Unconstrained build operations Thread 14" [_thread_blocked, id=4176, stack(0x00000009a7c00000,0x00000009a7d00000)]
  0x000001c0eca87330 JavaThread "Unconstrained build operations Thread 15" [_thread_blocked, id=11156, stack(0x00000009a7d00000,0x00000009a7e00000)]
  0x000001c0eca84fc0 JavaThread "Unconstrained build operations Thread 16" [_thread_blocked, id=13448, stack(0x00000009a7e00000,0x00000009a7f00000)]
  0x000001c0eca85ef0 JavaThread "Unconstrained build operations Thread 17" [_thread_blocked, id=2028, stack(0x00000009a7f00000,0x00000009a8000000)]
  0x000001c0eca86400 JavaThread "Unconstrained build operations Thread 18" [_thread_blocked, id=9408, stack(0x00000009a8000000,0x00000009a8100000)]
  0x000001c0eca87840 JavaThread "Unconstrained build operations Thread 19" [_thread_blocked, id=14492, stack(0x00000009a8100000,0x00000009a8200000)]
  0x000001c0eca88770 JavaThread "Unconstrained build operations Thread 20" [_thread_blocked, id=4160, stack(0x00000009a8200000,0x00000009a8300000)]
  0x000001c0eca854d0 JavaThread "Unconstrained build operations Thread 21" [_thread_blocked, id=17676, stack(0x00000009a8300000,0x00000009a8400000)]
  0x000001c0eca89bb0 JavaThread "Unconstrained build operations Thread 22" [_thread_blocked, id=12120, stack(0x00000009a8400000,0x00000009a8500000)]
  0x000001c0eca86910 JavaThread "Unconstrained build operations Thread 23" [_thread_blocked, id=19092, stack(0x00000009a8500000,0x00000009a8600000)]
  0x000001c0eca88c80 JavaThread "Unconstrained build operations Thread 24" [_thread_blocked, id=9784, stack(0x00000009a8600000,0x00000009a8700000)]
  0x000001c0eca8a0c0 JavaThread "Unconstrained build operations Thread 25" [_thread_blocked, id=16828, stack(0x00000009a8700000,0x00000009a8800000)]
  0x000001c0eca89190 JavaThread "Unconstrained build operations Thread 26" [_thread_blocked, id=10296, stack(0x00000009a8800000,0x00000009a8900000)]
  0x000001c0eca8a5d0 JavaThread "Unconstrained build operations Thread 27" [_thread_blocked, id=18960, stack(0x00000009a8900000,0x00000009a8a00000)]
  0x000001c0eca8aff0 JavaThread "Unconstrained build operations Thread 28" [_thread_blocked, id=18032, stack(0x00000009a8a00000,0x00000009a8b00000)]
  0x000001c0eca8b500 JavaThread "Unconstrained build operations Thread 29" [_thread_blocked, id=11748, stack(0x00000009a8b00000,0x00000009a8c00000)]
  0x000001c0eca8aae0 JavaThread "Unconstrained build operations Thread 30" [_thread_blocked, id=4408, stack(0x00000009a8c00000,0x00000009a8d00000)]
  0x000001c0eca87d50 JavaThread "Unconstrained build operations Thread 31" [_thread_blocked, id=10672, stack(0x00000009a8d00000,0x00000009a8e00000)]
  0x000001c0eca8c430 JavaThread "Unconstrained build operations Thread 32" [_thread_blocked, id=10776, stack(0x00000009a8e00000,0x00000009a8f00000)]
  0x000001c0eca8ba10 JavaThread "Unconstrained build operations Thread 33" [_thread_blocked, id=11676, stack(0x00000009a8f00000,0x00000009a9000000)]
  0x000001c0eca8bf20 JavaThread "Unconstrained build operations Thread 34" [_thread_blocked, id=15120, stack(0x00000009a9000000,0x00000009a9100000)]
  0x000001c0eabae8b0 JavaThread "Unconstrained build operations Thread 35" [_thread_in_vm, id=16600, stack(0x00000009a9100000,0x00000009a9200000)]
  0x000001c0eabad980 JavaThread "Unconstrained build operations Thread 36" [_thread_in_Java, id=1972, stack(0x00000009a9200000,0x00000009a9300000)]
  0x000001c0eabaedc0 JavaThread "WorkerExecutor Queue" [_thread_blocked, id=11152, stack(0x00000009a9300000,0x00000009a9400000)]
  0x000001c0eabad470 JavaThread "Unconstrained build operations Thread 37" [_thread_blocked, id=6564, stack(0x00000009a9500000,0x00000009a9600000)]
  0x000001c0eabade90 JavaThread "Unconstrained build operations Thread 38" [_thread_blocked, id=11820, stack(0x00000009a9600000,0x00000009a9700000)]
  0x000001c0eabae3a0 JavaThread "Unconstrained build operations Thread 39" [_thread_blocked, id=2656, stack(0x00000009a9700000,0x00000009a9800000)]
  0x000001c0eabaf7e0 JavaThread "Unconstrained build operations Thread 40" [_thread_in_Java, id=9448, stack(0x00000009a9800000,0x00000009a9900000)]
  0x000001c0eabaf2d0 JavaThread "Unconstrained build operations Thread 41" [_thread_blocked, id=14852, stack(0x00000009a9900000,0x00000009a9a00000)]
  0x000001c0eabafcf0 JavaThread "Unconstrained build operations Thread 42" [_thread_blocked, id=9248, stack(0x00000009a9a00000,0x00000009a9b00000)]
  0x000001c0eabac540 JavaThread "Unconstrained build operations Thread 43" [_thread_blocked, id=10928, stack(0x00000009a9b00000,0x00000009a9c00000)]
  0x000001c0eabaca50 JavaThread "Unconstrained build operations Thread 44" [_thread_blocked, id=2776, stack(0x00000009a9c00000,0x00000009a9d00000)]
  0x000001c0eabb1130 JavaThread "Unconstrained build operations Thread 45" [_thread_blocked, id=11312, stack(0x00000009a9d00000,0x00000009a9e00000)]
  0x000001c0eabb34a0 JavaThread "Unconstrained build operations Thread 46" [_thread_blocked, id=10604, stack(0x00000009a9e00000,0x00000009a9f00000)]
  0x000001c0eabb3ec0 JavaThread "Unconstrained build operations Thread 47" [_thread_blocked, id=14440, stack(0x00000009a9f00000,0x00000009aa000000)]
  0x000001c0eabb0c20 JavaThread "Unconstrained build operations Thread 48" [_thread_blocked, id=11148, stack(0x00000009aa000000,0x00000009aa100000)]
  0x000001c0eabb39b0 JavaThread "Unconstrained build operations Thread 49" [_thread_blocked, id=9772, stack(0x00000009aa100000,0x00000009aa200000)]
  0x000001c0eabb0710 JavaThread "Unconstrained build operations Thread 50" [_thread_blocked, id=13708, stack(0x00000009aa200000,0x00000009aa300000)]
  0x000001c0eabb2060 JavaThread "WorkerExecutor Queue Thread 3" [_thread_blocked, id=9692, stack(0x00000009aa500000,0x00000009aa600000)]
  0x000001c0eabb2570 JavaThread "Unconstrained build operations Thread 51" [_thread_blocked, id=13280, stack(0x00000009aa700000,0x00000009aa800000)]
  0x000001c0eabb2a80 JavaThread "Unconstrained build operations Thread 52" [_thread_blocked, id=14584, stack(0x00000009aa800000,0x00000009aa900000)]
  0x000001c0eabb2f90 JavaThread "Unconstrained build operations Thread 53" [_thread_blocked, id=14648, stack(0x00000009aa900000,0x00000009aaa00000)]
  0x000001c0e34fe070 JavaThread "Unconstrained build operations Thread 54" [_thread_blocked, id=13880, stack(0x00000009aaa00000,0x00000009aab00000)]
  0x000001c0e34fd650 JavaThread "Unconstrained build operations Thread 55" [_thread_blocked, id=2992, stack(0x00000009aab00000,0x00000009aac00000)]
  0x000001c0e34fd140 JavaThread "Unconstrained build operations Thread 56" [_thread_blocked, id=16408, stack(0x00000009aac00000,0x00000009aad00000)]
  0x000001c0e34fdb60 JavaThread "Unconstrained build operations Thread 57" [_thread_blocked, id=16596, stack(0x00000009aad00000,0x00000009aae00000)]
  0x000001c0e34fe580 JavaThread "WorkerExecutor Queue Thread 4" [_thread_blocked, id=12348, stack(0x00000009aae00000,0x00000009aaf00000)]
  0x000001c0e34ff4b0 JavaThread "Unconstrained build operations Thread 58" [_thread_blocked, id=16560, stack(0x00000009aa600000,0x00000009aa700000)]
  0x000001c0e34ffed0 JavaThread "Unconstrained build operations Thread 59" [_thread_blocked, id=6720, stack(0x00000009aaf00000,0x00000009ab000000)]
  0x000001c0e34fea90 JavaThread "Unconstrained build operations Thread 60" [_thread_blocked, id=9284, stack(0x00000009ab000000,0x00000009ab100000)]
  0x000001c0e3503b90 JavaThread "Unconstrained build operations Thread 61" [_thread_blocked, id=13780, stack(0x00000009ab100000,0x00000009ab200000)]
  0x000001c0e3502750 JavaThread "Unconstrained build operations Thread 62" [_thread_blocked, id=2672, stack(0x00000009ab200000,0x00000009ab300000)]
  0x000001c0e3501d30 JavaThread "Unconstrained build operations Thread 63" [_thread_blocked, id=9644, stack(0x00000009ab300000,0x00000009ab400000)]
  0x000001c0e3502240 JavaThread "Unconstrained build operations Thread 64" [_thread_blocked, id=5504, stack(0x00000009ab400000,0x00000009ab500000)]
  0x000001c0e35003e0 JavaThread "WorkerExecutor Queue Thread 5" [_thread_blocked, id=12764, stack(0x00000009a5600000,0x00000009a5700000)]
  0x000001c0e3503170 JavaThread "WorkerExecutor Queue Thread 6" [_thread_blocked, id=8752, stack(0x00000009ab500000,0x00000009ab600000)]
  0x000001c0e3501820 JavaThread "Unconstrained build operations Thread 65" [_thread_blocked, id=18020, stack(0x00000009ab600000,0x00000009ab700000)]
  0x000001c0e3503680 JavaThread "Unconstrained build operations Thread 66" [_thread_blocked, id=14780, stack(0x00000009ab700000,0x00000009ab800000)]
  0x000001c0e35040a0 JavaThread "Unconstrained build operations Thread 67" [_thread_blocked, id=12068, stack(0x00000009ab800000,0x00000009ab900000)]
  0x000001c0e35008f0 JavaThread "Unconstrained build operations Thread 68" [_thread_blocked, id=8280, stack(0x00000009ab900000,0x00000009aba00000)]
  0x000001c0e35045b0 JavaThread "Unconstrained build operations Thread 69" [_thread_blocked, id=9672, stack(0x00000009aba00000,0x00000009abb00000)]
  0x000001c0e3500e00 JavaThread "Unconstrained build operations Thread 70" [_thread_blocked, id=11440, stack(0x00000009abb00000,0x00000009abc00000)]
  0x000001c0ed5f37d0 JavaThread "Unconstrained build operations Thread 71" [_thread_blocked, id=6068, stack(0x00000009abc00000,0x00000009abd00000)]
  0x000001c0ed5f5b40 JavaThread "Unconstrained build operations Thread 72" [_thread_blocked, id=6696, stack(0x00000009abe00000,0x00000009abf00000)]
  0x000001c0ed5f41f0 JavaThread "Unconstrained build operations Thread 73" [_thread_blocked, id=7856, stack(0x00000009abf00000,0x00000009ac000000)]
  0x000001c0ed5f5630 JavaThread "Unconstrained build operations Thread 74" [_thread_blocked, id=15528, stack(0x00000009ac000000,0x00000009ac100000)]
  0x000001c0ed5f2390 JavaThread "Unconstrained build operations Thread 75" [_thread_blocked, id=11284, stack(0x00000009ac100000,0x00000009ac200000)]
  0x000001c0ed5f32c0 JavaThread "Unconstrained build operations Thread 76" [_thread_blocked, id=11556, stack(0x00000009ac200000,0x00000009ac300000)]
  0x000001c0ed5f6050 JavaThread "Unconstrained build operations Thread 77" [_thread_blocked, id=10632, stack(0x00000009ac300000,0x00000009ac400000)]
  0x000001c0ed5f28a0 JavaThread "Unconstrained build operations Thread 78" [_thread_blocked, id=15148, stack(0x00000009ac400000,0x00000009ac500000)]
  0x000001c0ed5f4700 JavaThread "WorkerExecutor Queue Thread 7" [_thread_blocked, id=9328, stack(0x00000009a2300000,0x00000009a2400000)]
  0x000001c0e2fc9440 JavaThread "WorkerExecutor Queue Thread 8" [_thread_blocked, id=660, stack(0x00000009a2400000,0x00000009a2500000)]
  0x000001c0ed5f6560 JavaThread "WorkerExecutor Queue Thread 9" [_thread_blocked, id=19176, stack(0x00000009a2500000,0x00000009a2600000)]
  0x000001c0ed5f6a70 JavaThread "Unconstrained build operations Thread 79" [_thread_blocked, id=17420, stack(0x00000009a7500000,0x00000009a7600000)]
  0x000001c0ed5f83c0 JavaThread "Unconstrained build operations Thread 80" [_thread_blocked, id=14400, stack(0x00000009ad200000,0x00000009ad300000)]
  0x000001c0f4084690 JavaThread "pool-3-thread-1" [_thread_blocked, id=12512, stack(0x00000009ad300000,0x00000009ad400000)]
  0x000001c0f27a4b50 JavaThread "stderr" [_thread_in_native, id=18876, stack(0x00000009ad400000,0x00000009ad500000)]
  0x000001c0f27a5060 JavaThread "stdout" [_thread_in_native, id=8176, stack(0x00000009ad500000,0x00000009ad600000)]
=>0x000001c0f3259d00 JavaThread "C2 CompilerThread1" daemon [_thread_in_native, id=6240, stack(0x00000009abd00000,0x00000009abe00000)]
  0x000001c0f325b790 JavaThread "C2 CompilerThread2" daemon [_thread_in_native, id=18300, stack(0x00000009ac500000,0x00000009ac600000)]

Other Threads:
  0x000001c0e2942970 VMThread "VM Thread" [stack: 0x00000009a2c00000,0x00000009a2d00000] [id=16688]
  0x000001c0e2ebfeb0 WatcherThread [stack: 0x00000009a3800000,0x00000009a3900000] [id=1516]
  0x000001c0c272b940 GCTaskThread "GC Thread#0" [stack: 0x00000009a2700000,0x00000009a2800000] [id=15504]
  0x000001c0e84aebb0 GCTaskThread "GC Thread#1" [stack: 0x00000009a3b00000,0x00000009a3c00000] [id=7048]
  0x000001c0e891fa30 GCTaskThread "GC Thread#2" [stack: 0x00000009a3c00000,0x00000009a3d00000] [id=19364]
  0x000001c0e801c060 GCTaskThread "GC Thread#3" [stack: 0x00000009a3d00000,0x00000009a3e00000] [id=17588]
  0x000001c0e801c330 GCTaskThread "GC Thread#4" [stack: 0x00000009a3e00000,0x00000009a3f00000] [id=1816]
  0x000001c0e875cc50 GCTaskThread "GC Thread#5" [stack: 0x00000009a3f00000,0x00000009a4000000] [id=7276]
  0x000001c0e875c6b0 GCTaskThread "GC Thread#6" [stack: 0x00000009a4f00000,0x00000009a5000000] [id=18784]
  0x000001c0e875cf20 GCTaskThread "GC Thread#7" [stack: 0x00000009a5000000,0x00000009a5100000] [id=18824]
  0x000001c0c273c7b0 ConcurrentGCThread "G1 Main Marker" [stack: 0x00000009a2800000,0x00000009a2900000] [id=5356]
  0x000001c0c273ddb0 ConcurrentGCThread "G1 Conc#0" [stack: 0x00000009a2900000,0x00000009a2a00000] [id=6932]
  0x000001c0e875d1f0 ConcurrentGCThread "G1 Conc#1" [stack: 0x00000009a5100000,0x00000009a5200000] [id=18736]
  0x000001c0c277e710 ConcurrentGCThread "G1 Refine#0" [stack: 0x00000009a2a00000,0x00000009a2b00000] [id=15288]
  0x000001c0e801eb70 ConcurrentGCThread "G1 Refine#1" [stack: 0x00000009a6a00000,0x00000009a6b00000] [id=8992]
  0x000001c0f2674b10 ConcurrentGCThread "G1 Refine#2" [stack: 0x00000009ac600000,0x00000009ac700000] [id=14040]
  0x000001c0eac86ff0 ConcurrentGCThread "G1 Refine#3" [stack: 0x00000009ac700000,0x00000009ac800000] [id=15536]
  0x000001c0f32c9020 ConcurrentGCThread "G1 Refine#4" [stack: 0x00000009ac800000,0x00000009ac900000] [id=9680]
  0x000001c0f32c8d20 ConcurrentGCThread "G1 Refine#5" [stack: 0x00000009ac900000,0x00000009aca00000] [id=15800]
  0x000001c0e2872f40 ConcurrentGCThread "G1 Service" [stack: 0x00000009a2b00000,0x00000009a2c00000] [id=6528]

Threads with active compile tasks:
C2 CompilerThread0  125433 28811       4       org.jetbrains.kotlin.gradle.internal.kapt.incremental.ClassTypeExtractorVisitorKt::finalInternalName (101 bytes)
C2 CompilerThread1  125434 28912       4       org.jetbrains.org.objectweb.asm.ClassReader::readMethod (1061 bytes)
C2 CompilerThread2  125434 28916       4       java.io.ObjectOutputStream$BlockDataOutputStream::write (152 bytes)

VM state: not at safepoint (normal execution)

VM Mutex/Monitor currently owned by a thread: None

Heap address: 0x0000000080000000, size: 2048 MB, Compressed Oops mode: 32-bit

CDS archive(s) mapped at: [0x000001c080000000-0x000001c080bb0000-0x000001c080bb0000), size 12255232, SharedBaseAddress: 0x000001c080000000, ArchiveRelocationMode: 1.
Compressed class space mapped at: 0x000001c081000000-0x000001c0c1000000, reserved size: 1073741824
Narrow klass base: 0x000001c080000000, Narrow klass shift: 0, Narrow klass range: 0x100000000

GC Precious Log:
 CPUs: 8 total, 8 available
 Memory: 16157M
 Large Page Support: Disabled
 NUMA Support: Disabled
 Compressed Oops: Enabled (32-bit)
 Heap Region Size: 1M
 Heap Min Capacity: 8M
 Heap Initial Capacity: 254M
 Heap Max Capacity: 2G
 Pre-touch: Disabled
 Parallel Workers: 8
 Concurrent Workers: 2
 Concurrent Refinement Workers: 8
 Periodic GC: Disabled

Heap:
 garbage-first heap   total 986112K, used 723753K [0x0000000080000000, 0x0000000100000000)
  region size 1024K, 28 young (28672K), 7 survivors (7168K)
 Metaspace       used 128812K, committed 129664K, reserved 1179648K
  class space    used 17587K, committed 18048K, reserved 1048576K

Heap Regions: E=young(eden), S=young(survivor), O=old, HS=humongous(starts), HC=humongous(continues), CS=collection set, F=free, OA=open archive, CA=closed archive, TAMS=top-at-mark-start (previous, next)
|   0|0x0000000080000000, 0x0000000080100000, 0x0000000080100000|100%|HS|  |TAMS 0x0000000080100000, 0x0000000080100000| Complete 
|   1|0x0000000080100000, 0x0000000080200000, 0x0000000080200000|100%|HC|  |TAMS 0x0000000080200000, 0x0000000080200000| Complete 
|   2|0x0000000080200000, 0x0000000080300000, 0x0000000080300000|100%|HC|  |TAMS 0x0000000080300000, 0x0000000080300000| Complete 
|   3|0x0000000080300000, 0x0000000080400000, 0x0000000080400000|100%|HC|  |TAMS 0x0000000080400000, 0x0000000080400000| Complete 
|   4|0x0000000080400000, 0x0000000080500000, 0x0000000080500000|100%| O|  |TAMS 0x0000000080500000, 0x0000000080500000| Untracked 
|   5|0x0000000080500000, 0x0000000080600000, 0x0000000080600000|100%| O|  |TAMS 0x0000000080600000, 0x0000000080600000| Untracked 
|   6|0x0000000080600000, 0x0000000080700000, 0x0000000080700000|100%| O|  |TAMS 0x0000000080700000, 0x0000000080700000| Untracked 
|   7|0x0000000080700000, 0x0000000080800000, 0x0000000080800000|100%| O|  |TAMS 0x0000000080800000, 0x0000000080800000| Untracked 
|   8|0x0000000080800000, 0x0000000080900000, 0x0000000080900000|100%| O|  |TAMS 0x0000000080900000, 0x0000000080900000| Untracked 
|   9|0x0000000080900000, 0x0000000080a00000, 0x0000000080a00000|100%| O|  |TAMS 0x0000000080a00000, 0x0000000080a00000| Untracked 
|  10|0x0000000080a00000, 0x0000000080b00000, 0x0000000080b00000|100%| O|  |TAMS 0x0000000080b00000, 0x0000000080b00000| Untracked 
|  11|0x0000000080b00000, 0x0000000080c00000, 0x0000000080c00000|100%| O|  |TAMS 0x0000000080c00000, 0x0000000080c00000| Untracked 
|  12|0x0000000080c00000, 0x0000000080d00000, 0x0000000080d00000|100%| O|  |TAMS 0x0000000080d00000, 0x0000000080d00000| Untracked 
|  13|0x0000000080d00000, 0x0000000080e00000, 0x0000000080e00000|100%| O|  |TAMS 0x0000000080e00000, 0x0000000080e00000| Untracked 
|  14|0x0000000080e00000, 0x0000000080f00000, 0x0000000080f00000|100%| O|  |TAMS 0x0000000080f00000, 0x0000000080f00000| Untracked 
|  15|0x0000000080f00000, 0x0000000081000000, 0x0000000081000000|100%| O|  |TAMS 0x0000000081000000, 0x0000000081000000| Untracked 
|  16|0x0000000081000000, 0x0000000081100000, 0x0000000081100000|100%| O|  |TAMS 0x0000000081100000, 0x0000000081100000| Untracked 
|  17|0x0000000081100000, 0x0000000081200000, 0x0000000081200000|100%| O|  |TAMS 0x0000000081200000, 0x0000000081200000| Untracked 
|  18|0x0000000081200000, 0x0000000081300000, 0x0000000081300000|100%| O|  |TAMS 0x0000000081300000, 0x0000000081300000| Untracked 
|  19|0x0000000081300000, 0x0000000081400000, 0x0000000081400000|100%| O|  |TAMS 0x0000000081400000, 0x0000000081400000| Untracked 
|  20|0x0000000081400000, 0x0000000081500000, 0x0000000081500000|100%| O|  |TAMS 0x0000000081500000, 0x0000000081500000| Untracked 
|  21|0x0000000081500000, 0x0000000081600000, 0x0000000081600000|100%| O|  |TAMS 0x0000000081600000, 0x0000000081600000| Untracked 
|  22|0x0000000081600000, 0x0000000081700000, 0x0000000081700000|100%| O|  |TAMS 0x0000000081673c00, 0x0000000081700000| Untracked 
|  23|0x0000000081700000, 0x0000000081800000, 0x0000000081800000|100%| O|  |TAMS 0x0000000081800000, 0x0000000081800000| Untracked 
|  24|0x0000000081800000, 0x0000000081900000, 0x0000000081900000|100%|HS|  |TAMS 0x0000000081900000, 0x0000000081900000| Complete 
|  25|0x0000000081900000, 0x0000000081a00000, 0x0000000081a00000|100%| O|  |TAMS 0x0000000081a00000, 0x0000000081a00000| Untracked 
|  26|0x0000000081a00000, 0x0000000081b00000, 0x0000000081b00000|100%| O|  |TAMS 0x0000000081b00000, 0x0000000081b00000| Untracked 
|  27|0x0000000081b00000, 0x0000000081c00000, 0x0000000081c00000|100%| O|  |TAMS 0x0000000081c00000, 0x0000000081c00000| Untracked 
|  28|0x0000000081c00000, 0x0000000081d00000, 0x0000000081d00000|100%| O|  |TAMS 0x0000000081d00000, 0x0000000081d00000| Untracked 
|  29|0x0000000081d00000, 0x0000000081e00000, 0x0000000081e00000|100%| O|  |TAMS 0x0000000081e00000, 0x0000000081e00000| Untracked 
|  30|0x0000000081e00000, 0x0000000081f00000, 0x0000000081f00000|100%|HS|  |TAMS 0x0000000081f00000, 0x0000000081f00000| Complete 
|  31|0x0000000081f00000, 0x0000000082000000, 0x0000000082000000|100%|HS|  |TAMS 0x0000000082000000, 0x0000000082000000| Complete 
|  32|0x0000000082000000, 0x0000000082100000, 0x0000000082100000|100%|HC|  |TAMS 0x0000000082100000, 0x0000000082100000| Complete 
|  33|0x0000000082100000, 0x0000000082200000, 0x0000000082200000|100%|HS|  |TAMS 0x0000000082200000, 0x0000000082200000| Complete 
|  34|0x0000000082200000, 0x0000000082300000, 0x0000000082300000|100%|HC|  |TAMS 0x0000000082300000, 0x0000000082300000| Complete 
|  35|0x0000000082300000, 0x0000000082400000, 0x0000000082400000|100%| O|  |TAMS 0x0000000082400000, 0x0000000082400000| Untracked 
|  36|0x0000000082400000, 0x0000000082500000, 0x0000000082500000|100%| O|  |TAMS 0x0000000082500000, 0x0000000082500000| Untracked 
|  37|0x0000000082500000, 0x0000000082600000, 0x0000000082600000|100%| O|  |TAMS 0x0000000082600000, 0x0000000082600000| Untracked 
|  38|0x0000000082600000, 0x0000000082700000, 0x0000000082700000|100%| O|  |TAMS 0x0000000082700000, 0x0000000082700000| Untracked 
|  39|0x0000000082700000, 0x0000000082800000, 0x0000000082800000|100%|HS|  |TAMS 0x0000000082800000, 0x0000000082800000| Complete 
|  40|0x0000000082800000, 0x0000000082900000, 0x0000000082900000|100%| O|  |TAMS 0x0000000082900000, 0x0000000082900000| Untracked 
|  41|0x0000000082900000, 0x0000000082a00000, 0x0000000082a00000|100%|HS|  |TAMS 0x0000000082a00000, 0x0000000082a00000| Complete 
|  42|0x0000000082a00000, 0x0000000082b00000, 0x0000000082b00000|100%|HC|  |TAMS 0x0000000082b00000, 0x0000000082b00000| Complete 
|  43|0x0000000082b00000, 0x0000000082c00000, 0x0000000082c00000|100%|HC|  |TAMS 0x0000000082c00000, 0x0000000082c00000| Complete 
|  44|0x0000000082c00000, 0x0000000082d00000, 0x0000000082d00000|100%|HC|  |TAMS 0x0000000082d00000, 0x0000000082d00000| Complete 
|  45|0x0000000082d00000, 0x0000000082e00000, 0x0000000082e00000|100%| O|  |TAMS 0x0000000082e00000, 0x0000000082e00000| Untracked 
|  46|0x0000000082e00000, 0x0000000082f00000, 0x0000000082f00000|100%| O|  |TAMS 0x0000000082f00000, 0x0000000082f00000| Untracked 
|  47|0x0000000082f00000, 0x0000000083000000, 0x0000000083000000|100%| O|  |TAMS 0x0000000083000000, 0x0000000083000000| Untracked 
|  48|0x0000000083000000, 0x0000000083100000, 0x0000000083100000|100%| O|  |TAMS 0x0000000083000000, 0x0000000083100000| Untracked 
|  49|0x0000000083100000, 0x0000000083200000, 0x0000000083200000|100%|HS|  |TAMS 0x0000000083200000, 0x0000000083200000| Complete 
|  50|0x0000000083200000, 0x0000000083300000, 0x0000000083300000|100%| O|  |TAMS 0x0000000083300000, 0x0000000083300000| Untracked 
|  51|0x0000000083300000, 0x0000000083400000, 0x0000000083400000|100%| O|  |TAMS 0x0000000083400000, 0x0000000083400000| Untracked 
|  52|0x0000000083400000, 0x0000000083500000, 0x0000000083500000|100%| O|  |TAMS 0x0000000083500000, 0x0000000083500000| Untracked 
|  53|0x0000000083500000, 0x0000000083600000, 0x0000000083600000|100%| O|  |TAMS 0x0000000083600000, 0x0000000083600000| Untracked 
|  54|0x0000000083600000, 0x0000000083700000, 0x0000000083700000|100%| O|  |TAMS 0x0000000083700000, 0x0000000083700000| Untracked 
|  55|0x0000000083700000, 0x0000000083800000, 0x0000000083800000|100%|HS|  |TAMS 0x0000000083800000, 0x0000000083800000| Complete 
|  56|0x0000000083800000, 0x0000000083900000, 0x0000000083900000|100%|HS|  |TAMS 0x0000000083900000, 0x0000000083900000| Complete 
|  57|0x0000000083900000, 0x0000000083a00000, 0x0000000083a00000|100%|HC|  |TAMS 0x0000000083a00000, 0x0000000083a00000| Complete 
|  58|0x0000000083a00000, 0x0000000083b00000, 0x0000000083b00000|100%|HC|  |TAMS 0x0000000083b00000, 0x0000000083b00000| Complete 
|  59|0x0000000083b00000, 0x0000000083c00000, 0x0000000083c00000|100%|HC|  |TAMS 0x0000000083c00000, 0x0000000083c00000| Complete 
|  60|0x0000000083c00000, 0x0000000083d00000, 0x0000000083d00000|100%| O|  |TAMS 0x0000000083d00000, 0x0000000083d00000| Untracked 
|  61|0x0000000083d00000, 0x0000000083e00000, 0x0000000083e00000|100%| O|  |TAMS 0x0000000083e00000, 0x0000000083e00000| Untracked 
|  62|0x0000000083e00000, 0x0000000083f00000, 0x0000000083f00000|100%| O|  |TAMS 0x0000000083f00000, 0x0000000083f00000| Untracked 
|  63|0x0000000083f00000, 0x0000000084000000, 0x0000000084000000|100%| O|  |TAMS 0x0000000084000000, 0x0000000084000000| Untracked 
|  64|0x0000000084000000, 0x0000000084100000, 0x0000000084100000|100%| O|  |TAMS 0x0000000084100000, 0x0000000084100000| Untracked 
|  65|0x0000000084100000, 0x0000000084200000, 0x0000000084200000|100%| O|  |TAMS 0x0000000084200000, 0x0000000084200000| Untracked 
|  66|0x0000000084200000, 0x0000000084300000, 0x0000000084300000|100%| O|  |TAMS 0x0000000084300000, 0x0000000084300000| Untracked 
|  67|0x0000000084300000, 0x0000000084400000, 0x0000000084400000|100%| O|  |TAMS 0x0000000084400000, 0x0000000084400000| Untracked 
|  68|0x0000000084400000, 0x0000000084500000, 0x0000000084500000|100%| O|  |TAMS 0x0000000084500000, 0x0000000084500000| Untracked 
|  69|0x0000000084500000, 0x0000000084600000, 0x0000000084600000|100%| O|  |TAMS 0x0000000084600000, 0x0000000084600000| Untracked 
|  70|0x0000000084600000, 0x0000000084700000, 0x0000000084700000|100%| O|  |TAMS 0x0000000084700000, 0x0000000084700000| Untracked 
|  71|0x0000000084700000, 0x0000000084800000, 0x0000000084800000|100%| O|  |TAMS 0x0000000084800000, 0x0000000084800000| Untracked 
|  72|0x0000000084800000, 0x0000000084900000, 0x0000000084900000|100%| O|  |TAMS 0x0000000084900000, 0x0000000084900000| Untracked 
|  73|0x0000000084900000, 0x0000000084a00000, 0x0000000084a00000|100%| O|  |TAMS 0x0000000084a00000, 0x0000000084a00000| Untracked 
|  74|0x0000000084a00000, 0x0000000084b00000, 0x0000000084b00000|100%| O|  |TAMS 0x0000000084b00000, 0x0000000084b00000| Untracked 
|  75|0x0000000084b00000, 0x0000000084c00000, 0x0000000084c00000|100%| O|  |TAMS 0x0000000084c00000, 0x0000000084c00000| Untracked 
|  76|0x0000000084c00000, 0x0000000084d00000, 0x0000000084d00000|100%| O|  |TAMS 0x0000000084d00000, 0x0000000084d00000| Untracked 
|  77|0x0000000084d00000, 0x0000000084e00000, 0x0000000084e00000|100%| O|  |TAMS 0x0000000084e00000, 0x0000000084e00000| Untracked 
|  78|0x0000000084e00000, 0x0000000084f00000, 0x0000000084f00000|100%| O|  |TAMS 0x0000000084f00000, 0x0000000084f00000| Untracked 
|  79|0x0000000084f00000, 0x0000000085000000, 0x0000000085000000|100%| O|  |TAMS 0x0000000085000000, 0x0000000085000000| Untracked 
|  80|0x0000000085000000, 0x0000000085100000, 0x0000000085100000|100%| O|  |TAMS 0x0000000085100000, 0x0000000085100000| Untracked 
|  81|0x0000000085100000, 0x0000000085200000, 0x0000000085200000|100%| O|  |TAMS 0x0000000085200000, 0x0000000085200000| Untracked 
|  82|0x0000000085200000, 0x0000000085300000, 0x0000000085300000|100%| O|  |TAMS 0x0000000085300000, 0x0000000085300000| Untracked 
|  83|0x0000000085300000, 0x0000000085400000, 0x0000000085400000|100%| O|  |TAMS 0x0000000085400000, 0x0000000085400000| Untracked 
|  84|0x0000000085400000, 0x0000000085500000, 0x0000000085500000|100%| O|  |TAMS 0x0000000085500000, 0x0000000085500000| Untracked 
|  85|0x0000000085500000, 0x0000000085600000, 0x0000000085600000|100%| O|  |TAMS 0x0000000085600000, 0x0000000085600000| Untracked 
|  86|0x0000000085600000, 0x0000000085700000, 0x0000000085700000|100%| O|  |TAMS 0x0000000085700000, 0x0000000085700000| Untracked 
|  87|0x0000000085700000, 0x0000000085800000, 0x0000000085800000|100%| O|  |TAMS 0x0000000085800000, 0x0000000085800000| Untracked 
|  88|0x0000000085800000, 0x0000000085900000, 0x0000000085900000|100%| O|  |TAMS 0x0000000085900000, 0x0000000085900000| Untracked 
|  89|0x0000000085900000, 0x0000000085a00000, 0x0000000085a00000|100%| O|  |TAMS 0x0000000085a00000, 0x0000000085a00000| Untracked 
|  90|0x0000000085a00000, 0x0000000085b00000, 0x0000000085b00000|100%| O|  |TAMS 0x0000000085b00000, 0x0000000085b00000| Untracked 
|  91|0x0000000085b00000, 0x0000000085c00000, 0x0000000085c00000|100%| O|  |TAMS 0x0000000085c00000, 0x0000000085c00000| Untracked 
|  92|0x0000000085c00000, 0x0000000085d00000, 0x0000000085d00000|100%| O|  |TAMS 0x0000000085d00000, 0x0000000085d00000| Untracked 
|  93|0x0000000085d00000, 0x0000000085e00000, 0x0000000085e00000|100%| O|  |TAMS 0x0000000085e00000, 0x0000000085e00000| Untracked 
|  94|0x0000000085e00000, 0x0000000085f00000, 0x0000000085f00000|100%| O|  |TAMS 0x0000000085f00000, 0x0000000085f00000| Untracked 
|  95|0x0000000085f00000, 0x0000000086000000, 0x0000000086000000|100%| O|  |TAMS 0x0000000086000000, 0x0000000086000000| Untracked 
|  96|0x0000000086000000, 0x0000000086100000, 0x0000000086100000|100%| O|  |TAMS 0x0000000086100000, 0x0000000086100000| Untracked 
|  97|0x0000000086100000, 0x0000000086200000, 0x0000000086200000|100%| O|  |TAMS 0x0000000086200000, 0x0000000086200000| Untracked 
|  98|0x0000000086200000, 0x0000000086300000, 0x0000000086300000|100%| O|  |TAMS 0x0000000086300000, 0x0000000086300000| Untracked 
|  99|0x0000000086300000, 0x0000000086400000, 0x0000000086400000|100%| O|  |TAMS 0x0000000086400000, 0x0000000086400000| Untracked 
| 100|0x0000000086400000, 0x0000000086500000, 0x0000000086500000|100%| O|  |TAMS 0x0000000086400000, 0x0000000086500000| Untracked 
| 101|0x0000000086500000, 0x0000000086600000, 0x0000000086600000|100%| O|  |TAMS 0x0000000086500000, 0x0000000086600000| Untracked 
| 102|0x0000000086600000, 0x0000000086700000, 0x0000000086700000|100%| O|  |TAMS 0x0000000086600000, 0x0000000086700000| Untracked 
| 103|0x0000000086700000, 0x0000000086800000, 0x0000000086800000|100%| O|  |TAMS 0x0000000086700000, 0x0000000086800000| Untracked 
| 104|0x0000000086800000, 0x0000000086900000, 0x0000000086900000|100%| O|  |TAMS 0x0000000086800000, 0x0000000086900000| Untracked 
| 105|0x0000000086900000, 0x0000000086a00000, 0x0000000086a00000|100%| O|  |TAMS 0x0000000086900000, 0x0000000086a00000| Untracked 
| 106|0x0000000086a00000, 0x0000000086b00000, 0x0000000086b00000|100%| O|  |TAMS 0x0000000086a00000, 0x0000000086b00000| Untracked 
| 107|0x0000000086b00000, 0x0000000086c00000, 0x0000000086c00000|100%| O|  |TAMS 0x0000000086b00000, 0x0000000086c00000| Untracked 
| 108|0x0000000086c00000, 0x0000000086d00000, 0x0000000086d00000|100%| O|  |TAMS 0x0000000086c00000, 0x0000000086d00000| Untracked 
| 109|0x0000000086d00000, 0x0000000086e00000, 0x0000000086e00000|100%| O|  |TAMS 0x0000000086d00000, 0x0000000086e00000| Untracked 
| 110|0x0000000086e00000, 0x0000000086f00000, 0x0000000086f00000|100%| O|  |TAMS 0x0000000086e00000, 0x0000000086f00000| Untracked 
| 111|0x0000000086f00000, 0x0000000087000000, 0x0000000087000000|100%| O|  |TAMS 0x0000000086f00000, 0x0000000087000000| Untracked 
| 112|0x0000000087000000, 0x0000000087100000, 0x0000000087100000|100%| O|  |TAMS 0x0000000087000000, 0x0000000087100000| Untracked 
| 113|0x0000000087100000, 0x0000000087200000, 0x0000000087200000|100%| O|  |TAMS 0x0000000087100000, 0x0000000087200000| Untracked 
| 114|0x0000000087200000, 0x0000000087300000, 0x0000000087300000|100%| O|  |TAMS 0x0000000087200000, 0x0000000087300000| Untracked 
| 115|0x0000000087300000, 0x0000000087400000, 0x0000000087400000|100%| O|  |TAMS 0x0000000087300000, 0x0000000087400000| Untracked 
| 116|0x0000000087400000, 0x0000000087500000, 0x0000000087500000|100%| O|  |TAMS 0x0000000087400000, 0x0000000087500000| Untracked 
| 117|0x0000000087500000, 0x0000000087600000, 0x0000000087600000|100%| O|  |TAMS 0x0000000087500000, 0x0000000087600000| Untracked 
| 118|0x0000000087600000, 0x0000000087700000, 0x0000000087700000|100%| O|  |TAMS 0x0000000087600000, 0x0000000087700000| Untracked 
| 119|0x0000000087700000, 0x0000000087800000, 0x0000000087800000|100%| O|  |TAMS 0x0000000087700000, 0x0000000087800000| Untracked 
| 120|0x0000000087800000, 0x0000000087900000, 0x0000000087900000|100%| O|  |TAMS 0x0000000087800000, 0x0000000087900000| Untracked 
| 121|0x0000000087900000, 0x0000000087a00000, 0x0000000087a00000|100%| O|  |TAMS 0x0000000087900000, 0x0000000087a00000| Untracked 
| 122|0x0000000087a00000, 0x0000000087b00000, 0x0000000087b00000|100%| O|  |TAMS 0x0000000087a00000, 0x0000000087b00000| Untracked 
| 123|0x0000000087b00000, 0x0000000087c00000, 0x0000000087c00000|100%| O|  |TAMS 0x0000000087b00000, 0x0000000087c00000| Untracked 
| 124|0x0000000087c00000, 0x0000000087d00000, 0x0000000087d00000|100%| O|  |TAMS 0x0000000087c00000, 0x0000000087d00000| Untracked 
| 125|0x0000000087d00000, 0x0000000087e00000, 0x0000000087e00000|100%| O|  |TAMS 0x0000000087d00000, 0x0000000087e00000| Untracked 
| 126|0x0000000087e00000, 0x0000000087f00000, 0x0000000087f00000|100%| O|  |TAMS 0x0000000087e00000, 0x0000000087f00000| Untracked 
| 127|0x0000000087f00000, 0x0000000088000000, 0x0000000088000000|100%| O|  |TAMS 0x0000000087f00000, 0x0000000088000000| Untracked 
| 128|0x0000000088000000, 0x0000000088100000, 0x0000000088100000|100%| O|  |TAMS 0x0000000088000000, 0x0000000088100000| Untracked 
| 129|0x0000000088100000, 0x0000000088200000, 0x0000000088200000|100%| O|  |TAMS 0x0000000088100000, 0x0000000088200000| Untracked 
| 130|0x0000000088200000, 0x0000000088300000, 0x0000000088300000|100%| O|  |TAMS 0x0000000088200000, 0x0000000088300000| Untracked 
| 131|0x0000000088300000, 0x0000000088400000, 0x0000000088400000|100%| O|  |TAMS 0x0000000088300000, 0x0000000088400000| Untracked 
| 132|0x0000000088400000, 0x0000000088500000, 0x0000000088500000|100%| O|  |TAMS 0x0000000088400000, 0x0000000088500000| Untracked 
| 133|0x0000000088500000, 0x0000000088600000, 0x0000000088600000|100%| O|  |TAMS 0x0000000088500000, 0x0000000088600000| Untracked 
| 134|0x0000000088600000, 0x0000000088700000, 0x0000000088700000|100%| O|  |TAMS 0x0000000088600000, 0x0000000088700000| Untracked 
| 135|0x0000000088700000, 0x0000000088800000, 0x0000000088800000|100%| O|  |TAMS 0x0000000088700000, 0x0000000088800000| Untracked 
| 136|0x0000000088800000, 0x0000000088900000, 0x0000000088900000|100%| O|  |TAMS 0x0000000088800000, 0x0000000088900000| Untracked 
| 137|0x0000000088900000, 0x0000000088a00000, 0x0000000088a00000|100%| O|  |TAMS 0x0000000088900000, 0x0000000088a00000| Untracked 
| 138|0x0000000088a00000, 0x0000000088b00000, 0x0000000088b00000|100%| O|  |TAMS 0x0000000088a00000, 0x0000000088b00000| Untracked 
| 139|0x0000000088b00000, 0x0000000088c00000, 0x0000000088c00000|100%| O|  |TAMS 0x0000000088b00000, 0x0000000088c00000| Untracked 
| 140|0x0000000088c00000, 0x0000000088d00000, 0x0000000088d00000|100%| O|  |TAMS 0x0000000088c00000, 0x0000000088d00000| Untracked 
| 141|0x0000000088d00000, 0x0000000088e00000, 0x0000000088e00000|100%| O|  |TAMS 0x0000000088d00000, 0x0000000088e00000| Untracked 
| 142|0x0000000088e00000, 0x0000000088f00000, 0x0000000088f00000|100%| O|  |TAMS 0x0000000088e00000, 0x0000000088f00000| Untracked 
| 143|0x0000000088f00000, 0x0000000089000000, 0x0000000089000000|100%| O|  |TAMS 0x0000000088f00000, 0x0000000089000000| Untracked 
| 144|0x0000000089000000, 0x0000000089100000, 0x0000000089100000|100%| O|  |TAMS 0x0000000089000000, 0x0000000089100000| Untracked 
| 145|0x0000000089100000, 0x0000000089200000, 0x0000000089200000|100%| O|  |TAMS 0x0000000089100000, 0x0000000089200000| Untracked 
| 146|0x0000000089200000, 0x0000000089300000, 0x0000000089300000|100%| O|  |TAMS 0x0000000089200000, 0x0000000089300000| Untracked 
| 147|0x0000000089300000, 0x0000000089400000, 0x0000000089400000|100%| O|  |TAMS 0x0000000089300000, 0x0000000089400000| Untracked 
| 148|0x0000000089400000, 0x0000000089500000, 0x0000000089500000|100%| O|  |TAMS 0x0000000089400000, 0x0000000089500000| Untracked 
| 149|0x0000000089500000, 0x0000000089600000, 0x0000000089600000|100%| O|  |TAMS 0x0000000089500000, 0x0000000089600000| Untracked 
| 150|0x0000000089600000, 0x0000000089700000, 0x0000000089700000|100%| O|  |TAMS 0x0000000089600000, 0x0000000089700000| Untracked 
| 151|0x0000000089700000, 0x0000000089800000, 0x0000000089800000|100%| O|  |TAMS 0x0000000089700000, 0x0000000089800000| Untracked 
| 152|0x0000000089800000, 0x0000000089900000, 0x0000000089900000|100%| O|  |TAMS 0x0000000089800000, 0x0000000089900000| Untracked 
| 153|0x0000000089900000, 0x0000000089a00000, 0x0000000089a00000|100%| O|  |TAMS 0x0000000089900000, 0x0000000089a00000| Untracked 
| 154|0x0000000089a00000, 0x0000000089b00000, 0x0000000089b00000|100%| O|  |TAMS 0x0000000089a00000, 0x0000000089b00000| Untracked 
| 155|0x0000000089b00000, 0x0000000089c00000, 0x0000000089c00000|100%| O|  |TAMS 0x0000000089b00000, 0x0000000089c00000| Untracked 
| 156|0x0000000089c00000, 0x0000000089d00000, 0x0000000089d00000|100%| O|  |TAMS 0x0000000089c00000, 0x0000000089d00000| Untracked 
| 157|0x0000000089d00000, 0x0000000089e00000, 0x0000000089e00000|100%| O|  |TAMS 0x0000000089d00000, 0x0000000089e00000| Untracked 
| 158|0x0000000089e00000, 0x0000000089f00000, 0x0000000089f00000|100%| O|  |TAMS 0x0000000089e00000, 0x0000000089f00000| Untracked 
| 159|0x0000000089f00000, 0x000000008a000000, 0x000000008a000000|100%| O|  |TAMS 0x0000000089f00000, 0x000000008a000000| Untracked 
| 160|0x000000008a000000, 0x000000008a100000, 0x000000008a100000|100%| O|  |TAMS 0x000000008a000000, 0x000000008a100000| Untracked 
| 161|0x000000008a100000, 0x000000008a200000, 0x000000008a200000|100%| O|  |TAMS 0x000000008a100000, 0x000000008a200000| Untracked 
| 162|0x000000008a200000, 0x000000008a300000, 0x000000008a300000|100%| O|  |TAMS 0x000000008a200000, 0x000000008a300000| Untracked 
| 163|0x000000008a300000, 0x000000008a400000, 0x000000008a400000|100%| O|  |TAMS 0x000000008a300000, 0x000000008a400000| Untracked 
| 164|0x000000008a400000, 0x000000008a500000, 0x000000008a500000|100%| O|  |TAMS 0x000000008a400000, 0x000000008a500000| Untracked 
| 165|0x000000008a500000, 0x000000008a600000, 0x000000008a600000|100%| O|  |TAMS 0x000000008a500000, 0x000000008a600000| Untracked 
| 166|0x000000008a600000, 0x000000008a700000, 0x000000008a700000|100%| O|  |TAMS 0x000000008a600000, 0x000000008a700000| Untracked 
| 167|0x000000008a700000, 0x000000008a800000, 0x000000008a800000|100%| O|  |TAMS 0x000000008a700000, 0x000000008a800000| Untracked 
| 168|0x000000008a800000, 0x000000008a900000, 0x000000008a900000|100%| O|  |TAMS 0x000000008a800000, 0x000000008a900000| Untracked 
| 169|0x000000008a900000, 0x000000008aa00000, 0x000000008aa00000|100%| O|  |TAMS 0x000000008a900000, 0x000000008aa00000| Untracked 
| 170|0x000000008aa00000, 0x000000008ab00000, 0x000000008ab00000|100%| O|  |TAMS 0x000000008aa00000, 0x000000008ab00000| Untracked 
| 171|0x000000008ab00000, 0x000000008ac00000, 0x000000008ac00000|100%| O|  |TAMS 0x000000008ab00000, 0x000000008ac00000| Untracked 
| 172|0x000000008ac00000, 0x000000008ad00000, 0x000000008ad00000|100%| O|  |TAMS 0x000000008ac00000, 0x000000008ad00000| Untracked 
| 173|0x000000008ad00000, 0x000000008ae00000, 0x000000008ae00000|100%| O|  |TAMS 0x000000008ad00000, 0x000000008ae00000| Untracked 
| 174|0x000000008ae00000, 0x000000008af00000, 0x000000008af00000|100%| O|  |TAMS 0x000000008ae00000, 0x000000008af00000| Untracked 
| 175|0x000000008af00000, 0x000000008b000000, 0x000000008b000000|100%| O|  |TAMS 0x000000008af00000, 0x000000008b000000| Untracked 
| 176|0x000000008b000000, 0x000000008b100000, 0x000000008b100000|100%| O|  |TAMS 0x000000008b000000, 0x000000008b100000| Untracked 
| 177|0x000000008b100000, 0x000000008b200000, 0x000000008b200000|100%| O|  |TAMS 0x000000008b100000, 0x000000008b200000| Untracked 
| 178|0x000000008b200000, 0x000000008b300000, 0x000000008b300000|100%| O|  |TAMS 0x000000008b200000, 0x000000008b300000| Untracked 
| 179|0x000000008b300000, 0x000000008b400000, 0x000000008b400000|100%| O|  |TAMS 0x000000008b300000, 0x000000008b400000| Untracked 
| 180|0x000000008b400000, 0x000000008b500000, 0x000000008b500000|100%| O|  |TAMS 0x000000008b400000, 0x000000008b500000| Untracked 
| 181|0x000000008b500000, 0x000000008b600000, 0x000000008b600000|100%| O|  |TAMS 0x000000008b500000, 0x000000008b600000| Untracked 
| 182|0x000000008b600000, 0x000000008b700000, 0x000000008b700000|100%| O|  |TAMS 0x000000008b600000, 0x000000008b700000| Untracked 
| 183|0x000000008b700000, 0x000000008b800000, 0x000000008b800000|100%| O|  |TAMS 0x000000008b700000, 0x000000008b800000| Untracked 
| 184|0x000000008b800000, 0x000000008b900000, 0x000000008b900000|100%| O|  |TAMS 0x000000008b800000, 0x000000008b900000| Untracked 
| 185|0x000000008b900000, 0x000000008ba00000, 0x000000008ba00000|100%| O|  |TAMS 0x000000008b900000, 0x000000008ba00000| Untracked 
| 186|0x000000008ba00000, 0x000000008bb00000, 0x000000008bb00000|100%| O|  |TAMS 0x000000008ba00000, 0x000000008bb00000| Untracked 
| 187|0x000000008bb00000, 0x000000008bc00000, 0x000000008bc00000|100%| O|  |TAMS 0x000000008bb00000, 0x000000008bc00000| Untracked 
| 188|0x000000008bc00000, 0x000000008bd00000, 0x000000008bd00000|100%| O|  |TAMS 0x000000008bc00000, 0x000000008bd00000| Untracked 
| 189|0x000000008bd00000, 0x000000008be00000, 0x000000008be00000|100%| O|  |TAMS 0x000000008bd00000, 0x000000008be00000| Untracked 
| 190|0x000000008be00000, 0x000000008bf00000, 0x000000008bf00000|100%| O|  |TAMS 0x000000008be00000, 0x000000008bf00000| Untracked 
| 191|0x000000008bf00000, 0x000000008c000000, 0x000000008c000000|100%| O|  |TAMS 0x000000008bf00000, 0x000000008c000000| Untracked 
| 192|0x000000008c000000, 0x000000008c100000, 0x000000008c100000|100%| O|  |TAMS 0x000000008c000000, 0x000000008c100000| Untracked 
| 193|0x000000008c100000, 0x000000008c200000, 0x000000008c200000|100%| O|  |TAMS 0x000000008c100000, 0x000000008c200000| Untracked 
| 194|0x000000008c200000, 0x000000008c300000, 0x000000008c300000|100%| O|  |TAMS 0x000000008c200000, 0x000000008c300000| Untracked 
| 195|0x000000008c300000, 0x000000008c400000, 0x000000008c400000|100%| O|  |TAMS 0x000000008c300000, 0x000000008c400000| Untracked 
| 196|0x000000008c400000, 0x000000008c500000, 0x000000008c500000|100%| O|  |TAMS 0x000000008c400000, 0x000000008c500000| Untracked 
| 197|0x000000008c500000, 0x000000008c600000, 0x000000008c600000|100%| O|  |TAMS 0x000000008c500000, 0x000000008c600000| Untracked 
| 198|0x000000008c600000, 0x000000008c700000, 0x000000008c700000|100%| O|  |TAMS 0x000000008c600000, 0x000000008c700000| Untracked 
| 199|0x000000008c700000, 0x000000008c800000, 0x000000008c800000|100%| O|  |TAMS 0x000000008c700000, 0x000000008c800000| Untracked 
| 200|0x000000008c800000, 0x000000008c900000, 0x000000008c900000|100%| O|  |TAMS 0x000000008c800000, 0x000000008c900000| Untracked 
| 201|0x000000008c900000, 0x000000008ca00000, 0x000000008ca00000|100%| O|  |TAMS 0x000000008c900000, 0x000000008ca00000| Untracked 
| 202|0x000000008ca00000, 0x000000008cb00000, 0x000000008cb00000|100%| O|  |TAMS 0x000000008ca00000, 0x000000008cb00000| Untracked 
| 203|0x000000008cb00000, 0x000000008cc00000, 0x000000008cc00000|100%| O|  |TAMS 0x000000008cb00000, 0x000000008cc00000| Untracked 
| 204|0x000000008cc00000, 0x000000008cd00000, 0x000000008cd00000|100%| O|  |TAMS 0x000000008cc00000, 0x000000008cd00000| Untracked 
| 205|0x000000008cd00000, 0x000000008ce00000, 0x000000008ce00000|100%| O|  |TAMS 0x000000008cd00000, 0x000000008ce00000| Untracked 
| 206|0x000000008ce00000, 0x000000008cf00000, 0x000000008cf00000|100%| O|  |TAMS 0x000000008ce00000, 0x000000008cf00000| Untracked 
| 207|0x000000008cf00000, 0x000000008d000000, 0x000000008d000000|100%| O|  |TAMS 0x000000008cf00000, 0x000000008d000000| Untracked 
| 208|0x000000008d000000, 0x000000008d100000, 0x000000008d100000|100%| O|  |TAMS 0x000000008d000000, 0x000000008d100000| Untracked 
| 209|0x000000008d100000, 0x000000008d200000, 0x000000008d200000|100%| O|  |TAMS 0x000000008d100000, 0x000000008d200000| Untracked 
| 210|0x000000008d200000, 0x000000008d300000, 0x000000008d300000|100%| O|  |TAMS 0x000000008d200000, 0x000000008d300000| Untracked 
| 211|0x000000008d300000, 0x000000008d400000, 0x000000008d400000|100%| O|  |TAMS 0x000000008d300000, 0x000000008d400000| Untracked 
| 212|0x000000008d400000, 0x000000008d500000, 0x000000008d500000|100%| O|  |TAMS 0x000000008d400000, 0x000000008d500000| Untracked 
| 213|0x000000008d500000, 0x000000008d600000, 0x000000008d600000|100%| O|  |TAMS 0x000000008d500000, 0x000000008d600000| Untracked 
| 214|0x000000008d600000, 0x000000008d700000, 0x000000008d700000|100%| O|  |TAMS 0x000000008d600000, 0x000000008d700000| Untracked 
| 215|0x000000008d700000, 0x000000008d800000, 0x000000008d800000|100%| O|  |TAMS 0x000000008d700000, 0x000000008d800000| Untracked 
| 216|0x000000008d800000, 0x000000008d900000, 0x000000008d900000|100%| O|  |TAMS 0x000000008d800000, 0x000000008d900000| Untracked 
| 217|0x000000008d900000, 0x000000008da00000, 0x000000008da00000|100%| O|  |TAMS 0x000000008d900000, 0x000000008da00000| Untracked 
| 218|0x000000008da00000, 0x000000008db00000, 0x000000008db00000|100%| O|  |TAMS 0x000000008da00000, 0x000000008db00000| Untracked 
| 219|0x000000008db00000, 0x000000008dc00000, 0x000000008dc00000|100%| O|  |TAMS 0x000000008db00000, 0x000000008dc00000| Untracked 
| 220|0x000000008dc00000, 0x000000008dd00000, 0x000000008dd00000|100%| O|  |TAMS 0x000000008dc00000, 0x000000008dd00000| Untracked 
| 221|0x000000008dd00000, 0x000000008de00000, 0x000000008de00000|100%| O|  |TAMS 0x000000008dd00000, 0x000000008de00000| Untracked 
| 222|0x000000008de00000, 0x000000008df00000, 0x000000008df00000|100%| O|  |TAMS 0x000000008de00000, 0x000000008df00000| Untracked 
| 223|0x000000008df00000, 0x000000008e000000, 0x000000008e000000|100%| O|  |TAMS 0x000000008df00000, 0x000000008e000000| Untracked 
| 224|0x000000008e000000, 0x000000008e100000, 0x000000008e100000|100%| O|  |TAMS 0x000000008e000000, 0x000000008e100000| Untracked 
| 225|0x000000008e100000, 0x000000008e200000, 0x000000008e200000|100%| O|  |TAMS 0x000000008e100000, 0x000000008e200000| Untracked 
| 226|0x000000008e200000, 0x000000008e300000, 0x000000008e300000|100%| O|  |TAMS 0x000000008e200000, 0x000000008e300000| Untracked 
| 227|0x000000008e300000, 0x000000008e400000, 0x000000008e400000|100%| O|  |TAMS 0x000000008e300000, 0x000000008e400000| Untracked 
| 228|0x000000008e400000, 0x000000008e500000, 0x000000008e500000|100%| O|  |TAMS 0x000000008e400000, 0x000000008e500000| Untracked 
| 229|0x000000008e500000, 0x000000008e600000, 0x000000008e600000|100%| O|  |TAMS 0x000000008e500000, 0x000000008e600000| Untracked 
| 230|0x000000008e600000, 0x000000008e700000, 0x000000008e700000|100%| O|  |TAMS 0x000000008e600000, 0x000000008e700000| Untracked 
| 231|0x000000008e700000, 0x000000008e800000, 0x000000008e800000|100%| O|  |TAMS 0x000000008e700000, 0x000000008e800000| Untracked 
| 232|0x000000008e800000, 0x000000008e900000, 0x000000008e900000|100%| O|  |TAMS 0x000000008e800000, 0x000000008e900000| Untracked 
| 233|0x000000008e900000, 0x000000008ea00000, 0x000000008ea00000|100%| O|  |TAMS 0x000000008e900000, 0x000000008ea00000| Untracked 
| 234|0x000000008ea00000, 0x000000008eb00000, 0x000000008eb00000|100%| O|  |TAMS 0x000000008ea00000, 0x000000008eb00000| Untracked 
| 235|0x000000008eb00000, 0x000000008ec00000, 0x000000008ec00000|100%| O|  |TAMS 0x000000008eb00000, 0x000000008ec00000| Untracked 
| 236|0x000000008ec00000, 0x000000008ed00000, 0x000000008ed00000|100%| O|  |TAMS 0x000000008ec00000, 0x000000008ed00000| Untracked 
| 237|0x000000008ed00000, 0x000000008ee00000, 0x000000008ee00000|100%| O|  |TAMS 0x000000008ed00000, 0x000000008ee00000| Untracked 
| 238|0x000000008ee00000, 0x000000008ef00000, 0x000000008ef00000|100%| O|  |TAMS 0x000000008ee00000, 0x000000008ef00000| Untracked 
| 239|0x000000008ef00000, 0x000000008f000000, 0x000000008f000000|100%| O|  |TAMS 0x000000008ef00000, 0x000000008f000000| Untracked 
| 240|0x000000008f000000, 0x000000008f100000, 0x000000008f100000|100%| O|  |TAMS 0x000000008f000000, 0x000000008f100000| Untracked 
| 241|0x000000008f100000, 0x000000008f200000, 0x000000008f200000|100%| O|  |TAMS 0x000000008f100000, 0x000000008f200000| Untracked 
| 242|0x000000008f200000, 0x000000008f300000, 0x000000008f300000|100%| O|  |TAMS 0x000000008f200000, 0x000000008f300000| Untracked 
| 243|0x000000008f300000, 0x000000008f400000, 0x000000008f400000|100%| O|  |TAMS 0x000000008f300000, 0x000000008f400000| Untracked 
| 244|0x000000008f400000, 0x000000008f500000, 0x000000008f500000|100%| O|  |TAMS 0x000000008f400000, 0x000000008f500000| Untracked 
| 245|0x000000008f500000, 0x000000008f600000, 0x000000008f600000|100%| O|  |TAMS 0x000000008f500000, 0x000000008f600000| Untracked 
| 246|0x000000008f600000, 0x000000008f700000, 0x000000008f700000|100%| O|  |TAMS 0x000000008f600000, 0x000000008f700000| Untracked 
| 247|0x000000008f700000, 0x000000008f800000, 0x000000008f800000|100%| O|  |TAMS 0x000000008f700000, 0x000000008f800000| Untracked 
| 248|0x000000008f800000, 0x000000008f900000, 0x000000008f900000|100%| O|  |TAMS 0x000000008f800000, 0x000000008f900000| Untracked 
| 249|0x000000008f900000, 0x000000008fa00000, 0x000000008fa00000|100%| O|  |TAMS 0x000000008f900000, 0x000000008fa00000| Untracked 
| 250|0x000000008fa00000, 0x000000008fb00000, 0x000000008fb00000|100%| O|  |TAMS 0x000000008fa00000, 0x000000008fb00000| Untracked 
| 251|0x000000008fb00000, 0x000000008fc00000, 0x000000008fc00000|100%| O|  |TAMS 0x000000008fb00000, 0x000000008fc00000| Untracked 
| 252|0x000000008fc00000, 0x000000008fd00000, 0x000000008fd00000|100%| O|  |TAMS 0x000000008fc00000, 0x000000008fd00000| Untracked 
| 253|0x000000008fd00000, 0x000000008fe00000, 0x000000008fe00000|100%| O|  |TAMS 0x000000008fd00000, 0x000000008fe00000| Untracked 
| 254|0x000000008fe00000, 0x000000008ff00000, 0x000000008ff00000|100%| O|  |TAMS 0x000000008fe00000, 0x000000008ff00000| Untracked 
| 255|0x000000008ff00000, 0x0000000090000000, 0x0000000090000000|100%| O|  |TAMS 0x000000008ff00000, 0x0000000090000000| Untracked 
| 256|0x0000000090000000, 0x0000000090100000, 0x0000000090100000|100%| O|  |TAMS 0x0000000090000000, 0x0000000090100000| Untracked 
| 257|0x0000000090100000, 0x0000000090200000, 0x0000000090200000|100%| O|  |TAMS 0x0000000090100000, 0x0000000090200000| Untracked 
| 258|0x0000000090200000, 0x0000000090300000, 0x0000000090300000|100%| O|  |TAMS 0x0000000090200000, 0x0000000090300000| Untracked 
| 259|0x0000000090300000, 0x0000000090400000, 0x0000000090400000|100%| O|  |TAMS 0x0000000090300000, 0x0000000090400000| Untracked 
| 260|0x0000000090400000, 0x0000000090500000, 0x0000000090500000|100%| O|  |TAMS 0x0000000090400000, 0x0000000090500000| Untracked 
| 261|0x0000000090500000, 0x0000000090600000, 0x0000000090600000|100%| O|  |TAMS 0x0000000090500000, 0x0000000090600000| Untracked 
| 262|0x0000000090600000, 0x0000000090700000, 0x0000000090700000|100%| O|  |TAMS 0x0000000090600000, 0x0000000090700000| Untracked 
| 263|0x0000000090700000, 0x0000000090800000, 0x0000000090800000|100%| O|  |TAMS 0x0000000090700000, 0x0000000090800000| Untracked 
| 264|0x0000000090800000, 0x0000000090900000, 0x0000000090900000|100%| O|  |TAMS 0x0000000090800000, 0x0000000090900000| Untracked 
| 265|0x0000000090900000, 0x0000000090a00000, 0x0000000090a00000|100%| O|  |TAMS 0x0000000090900000, 0x0000000090a00000| Untracked 
| 266|0x0000000090a00000, 0x0000000090b00000, 0x0000000090b00000|100%| O|  |TAMS 0x0000000090a00000, 0x0000000090b00000| Untracked 
| 267|0x0000000090b00000, 0x0000000090c00000, 0x0000000090c00000|100%| O|  |TAMS 0x0000000090b00000, 0x0000000090c00000| Untracked 
| 268|0x0000000090c00000, 0x0000000090d00000, 0x0000000090d00000|100%| O|  |TAMS 0x0000000090c00000, 0x0000000090d00000| Untracked 
| 269|0x0000000090d00000, 0x0000000090e00000, 0x0000000090e00000|100%| O|  |TAMS 0x0000000090d00000, 0x0000000090e00000| Untracked 
| 270|0x0000000090e00000, 0x0000000090f00000, 0x0000000090f00000|100%| O|  |TAMS 0x0000000090e00000, 0x0000000090f00000| Untracked 
| 271|0x0000000090f00000, 0x0000000091000000, 0x0000000091000000|100%| O|  |TAMS 0x0000000090f00000, 0x0000000091000000| Untracked 
| 272|0x0000000091000000, 0x0000000091100000, 0x0000000091100000|100%| O|  |TAMS 0x0000000091000000, 0x0000000091100000| Untracked 
| 273|0x0000000091100000, 0x0000000091200000, 0x0000000091200000|100%| O|  |TAMS 0x0000000091100000, 0x0000000091200000| Untracked 
| 274|0x0000000091200000, 0x0000000091300000, 0x0000000091300000|100%| O|  |TAMS 0x0000000091200000, 0x0000000091300000| Untracked 
| 275|0x0000000091300000, 0x0000000091400000, 0x0000000091400000|100%| O|  |TAMS 0x0000000091300000, 0x0000000091400000| Untracked 
| 276|0x0000000091400000, 0x0000000091500000, 0x0000000091500000|100%| O|  |TAMS 0x0000000091400000, 0x0000000091500000| Untracked 
| 277|0x0000000091500000, 0x0000000091600000, 0x0000000091600000|100%| O|  |TAMS 0x0000000091500000, 0x0000000091600000| Untracked 
| 278|0x0000000091600000, 0x0000000091700000, 0x0000000091700000|100%| O|  |TAMS 0x0000000091600000, 0x0000000091700000| Untracked 
| 279|0x0000000091700000, 0x0000000091800000, 0x0000000091800000|100%| O|  |TAMS 0x0000000091700000, 0x0000000091800000| Untracked 
| 280|0x0000000091800000, 0x0000000091900000, 0x0000000091900000|100%| O|  |TAMS 0x0000000091800000, 0x0000000091900000| Untracked 
| 281|0x0000000091900000, 0x0000000091a00000, 0x0000000091a00000|100%| O|  |TAMS 0x0000000091900000, 0x0000000091a00000| Untracked 
| 282|0x0000000091a00000, 0x0000000091b00000, 0x0000000091b00000|100%| O|  |TAMS 0x0000000091a00000, 0x0000000091b00000| Untracked 
| 283|0x0000000091b00000, 0x0000000091c00000, 0x0000000091c00000|100%| O|  |TAMS 0x0000000091b00000, 0x0000000091c00000| Untracked 
| 284|0x0000000091c00000, 0x0000000091d00000, 0x0000000091d00000|100%| O|  |TAMS 0x0000000091c00000, 0x0000000091d00000| Untracked 
| 285|0x0000000091d00000, 0x0000000091e00000, 0x0000000091e00000|100%| O|  |TAMS 0x0000000091d00000, 0x0000000091e00000| Untracked 
| 286|0x0000000091e00000, 0x0000000091f00000, 0x0000000091f00000|100%| O|  |TAMS 0x0000000091e00000, 0x0000000091f00000| Untracked 
| 287|0x0000000091f00000, 0x0000000092000000, 0x0000000092000000|100%| O|  |TAMS 0x0000000091f00000, 0x0000000092000000| Untracked 
| 288|0x0000000092000000, 0x0000000092100000, 0x0000000092100000|100%| O|  |TAMS 0x0000000092000000, 0x0000000092100000| Untracked 
| 289|0x0000000092100000, 0x0000000092200000, 0x0000000092200000|100%| O|  |TAMS 0x0000000092100000, 0x0000000092200000| Untracked 
| 290|0x0000000092200000, 0x0000000092300000, 0x0000000092300000|100%| O|  |TAMS 0x0000000092200000, 0x0000000092300000| Untracked 
| 291|0x0000000092300000, 0x0000000092400000, 0x0000000092400000|100%| O|  |TAMS 0x0000000092300000, 0x0000000092400000| Untracked 
| 292|0x0000000092400000, 0x0000000092500000, 0x0000000092500000|100%| O|  |TAMS 0x0000000092400000, 0x0000000092500000| Untracked 
| 293|0x0000000092500000, 0x0000000092600000, 0x0000000092600000|100%| O|  |TAMS 0x0000000092500000, 0x0000000092600000| Untracked 
| 294|0x0000000092600000, 0x0000000092700000, 0x0000000092700000|100%| O|  |TAMS 0x0000000092600000, 0x0000000092700000| Untracked 
| 295|0x0000000092700000, 0x0000000092800000, 0x0000000092800000|100%| O|  |TAMS 0x0000000092700000, 0x0000000092800000| Untracked 
| 296|0x0000000092800000, 0x0000000092900000, 0x0000000092900000|100%| O|  |TAMS 0x0000000092800000, 0x0000000092900000| Untracked 
| 297|0x0000000092900000, 0x0000000092a00000, 0x0000000092a00000|100%| O|  |TAMS 0x0000000092900000, 0x0000000092a00000| Untracked 
| 298|0x0000000092a00000, 0x0000000092b00000, 0x0000000092b00000|100%| O|  |TAMS 0x0000000092a00000, 0x0000000092b00000| Untracked 
| 299|0x0000000092b00000, 0x0000000092c00000, 0x0000000092c00000|100%| O|  |TAMS 0x0000000092b00000, 0x0000000092c00000| Untracked 
| 300|0x0000000092c00000, 0x0000000092d00000, 0x0000000092d00000|100%| O|  |TAMS 0x0000000092c00000, 0x0000000092d00000| Untracked 
| 301|0x0000000092d00000, 0x0000000092e00000, 0x0000000092e00000|100%| O|  |TAMS 0x0000000092d00000, 0x0000000092e00000| Untracked 
| 302|0x0000000092e00000, 0x0000000092f00000, 0x0000000092f00000|100%| O|  |TAMS 0x0000000092e00000, 0x0000000092f00000| Untracked 
| 303|0x0000000092f00000, 0x0000000093000000, 0x0000000093000000|100%| O|  |TAMS 0x0000000092f00000, 0x0000000093000000| Untracked 
| 304|0x0000000093000000, 0x0000000093100000, 0x0000000093100000|100%| O|  |TAMS 0x0000000093000000, 0x0000000093100000| Untracked 
| 305|0x0000000093100000, 0x0000000093200000, 0x0000000093200000|100%| O|  |TAMS 0x0000000093100000, 0x0000000093200000| Untracked 
| 306|0x0000000093200000, 0x0000000093300000, 0x0000000093300000|100%| O|  |TAMS 0x0000000093200000, 0x0000000093300000| Untracked 
| 307|0x0000000093300000, 0x0000000093400000, 0x0000000093400000|100%| O|  |TAMS 0x0000000093300000, 0x0000000093400000| Untracked 
| 308|0x0000000093400000, 0x0000000093500000, 0x0000000093500000|100%| O|  |TAMS 0x0000000093400000, 0x0000000093500000| Untracked 
| 309|0x0000000093500000, 0x0000000093600000, 0x0000000093600000|100%| O|  |TAMS 0x0000000093500000, 0x0000000093600000| Untracked 
| 310|0x0000000093600000, 0x0000000093700000, 0x0000000093700000|100%| O|  |TAMS 0x0000000093600000, 0x0000000093700000| Untracked 
| 311|0x0000000093700000, 0x0000000093800000, 0x0000000093800000|100%| O|  |TAMS 0x0000000093700000, 0x0000000093800000| Untracked 
| 312|0x0000000093800000, 0x0000000093900000, 0x0000000093900000|100%| O|  |TAMS 0x0000000093800000, 0x0000000093900000| Untracked 
| 313|0x0000000093900000, 0x0000000093a00000, 0x0000000093a00000|100%| O|  |TAMS 0x0000000093900000, 0x0000000093a00000| Untracked 
| 314|0x0000000093a00000, 0x0000000093b00000, 0x0000000093b00000|100%| O|  |TAMS 0x0000000093a00000, 0x0000000093b00000| Untracked 
| 315|0x0000000093b00000, 0x0000000093c00000, 0x0000000093c00000|100%| O|  |TAMS 0x0000000093b00000, 0x0000000093c00000| Untracked 
| 316|0x0000000093c00000, 0x0000000093d00000, 0x0000000093d00000|100%| O|  |TAMS 0x0000000093c00000, 0x0000000093d00000| Untracked 
| 317|0x0000000093d00000, 0x0000000093e00000, 0x0000000093e00000|100%| O|  |TAMS 0x0000000093d00000, 0x0000000093e00000| Untracked 
| 318|0x0000000093e00000, 0x0000000093f00000, 0x0000000093f00000|100%| O|  |TAMS 0x0000000093e00000, 0x0000000093f00000| Untracked 
| 319|0x0000000093f00000, 0x0000000094000000, 0x0000000094000000|100%| O|  |TAMS 0x0000000093f00000, 0x0000000094000000| Untracked 
| 320|0x0000000094000000, 0x0000000094100000, 0x0000000094100000|100%| O|  |TAMS 0x0000000094000000, 0x0000000094100000| Untracked 
| 321|0x0000000094100000, 0x0000000094200000, 0x0000000094200000|100%| O|  |TAMS 0x0000000094100000, 0x0000000094200000| Untracked 
| 322|0x0000000094200000, 0x0000000094300000, 0x0000000094300000|100%| O|  |TAMS 0x0000000094200000, 0x0000000094300000| Untracked 
| 323|0x0000000094300000, 0x0000000094400000, 0x0000000094400000|100%| O|  |TAMS 0x0000000094300000, 0x0000000094400000| Untracked 
| 324|0x0000000094400000, 0x0000000094500000, 0x0000000094500000|100%| O|  |TAMS 0x0000000094400000, 0x0000000094500000| Untracked 
| 325|0x0000000094500000, 0x0000000094600000, 0x0000000094600000|100%| O|  |TAMS 0x0000000094500000, 0x0000000094600000| Untracked 
| 326|0x0000000094600000, 0x0000000094700000, 0x0000000094700000|100%| O|  |TAMS 0x0000000094600000, 0x0000000094700000| Untracked 
| 327|0x0000000094700000, 0x0000000094800000, 0x0000000094800000|100%| O|  |TAMS 0x0000000094700000, 0x0000000094800000| Untracked 
| 328|0x0000000094800000, 0x0000000094900000, 0x0000000094900000|100%| O|  |TAMS 0x0000000094800000, 0x0000000094900000| Untracked 
| 329|0x0000000094900000, 0x0000000094a00000, 0x0000000094a00000|100%| O|  |TAMS 0x0000000094900000, 0x0000000094a00000| Untracked 
| 330|0x0000000094a00000, 0x0000000094b00000, 0x0000000094b00000|100%| O|  |TAMS 0x0000000094a00000, 0x0000000094b00000| Untracked 
| 331|0x0000000094b00000, 0x0000000094c00000, 0x0000000094c00000|100%| O|  |TAMS 0x0000000094b00000, 0x0000000094c00000| Untracked 
| 332|0x0000000094c00000, 0x0000000094d00000, 0x0000000094d00000|100%| O|  |TAMS 0x0000000094c00000, 0x0000000094d00000| Untracked 
| 333|0x0000000094d00000, 0x0000000094e00000, 0x0000000094e00000|100%| O|  |TAMS 0x0000000094d00000, 0x0000000094e00000| Untracked 
| 334|0x0000000094e00000, 0x0000000094f00000, 0x0000000094f00000|100%| O|  |TAMS 0x0000000094e00000, 0x0000000094f00000| Untracked 
| 335|0x0000000094f00000, 0x0000000095000000, 0x0000000095000000|100%| O|  |TAMS 0x0000000094f00000, 0x0000000095000000| Untracked 
| 336|0x0000000095000000, 0x0000000095100000, 0x0000000095100000|100%| O|  |TAMS 0x0000000095000000, 0x0000000095100000| Untracked 
| 337|0x0000000095100000, 0x0000000095200000, 0x0000000095200000|100%| O|  |TAMS 0x0000000095100000, 0x0000000095200000| Untracked 
| 338|0x0000000095200000, 0x0000000095300000, 0x0000000095300000|100%| O|  |TAMS 0x0000000095200000, 0x0000000095300000| Untracked 
| 339|0x0000000095300000, 0x0000000095400000, 0x0000000095400000|100%| O|  |TAMS 0x0000000095300000, 0x0000000095400000| Untracked 
| 340|0x0000000095400000, 0x0000000095500000, 0x0000000095500000|100%| O|  |TAMS 0x0000000095400000, 0x0000000095500000| Untracked 
| 341|0x0000000095500000, 0x0000000095600000, 0x0000000095600000|100%| O|  |TAMS 0x0000000095500000, 0x0000000095600000| Untracked 
| 342|0x0000000095600000, 0x0000000095700000, 0x0000000095700000|100%| O|  |TAMS 0x0000000095600000, 0x0000000095700000| Untracked 
| 343|0x0000000095700000, 0x0000000095800000, 0x0000000095800000|100%| O|  |TAMS 0x0000000095700000, 0x0000000095800000| Untracked 
| 344|0x0000000095800000, 0x0000000095900000, 0x0000000095900000|100%| O|  |TAMS 0x0000000095800000, 0x0000000095900000| Untracked 
| 345|0x0000000095900000, 0x0000000095a00000, 0x0000000095a00000|100%| O|  |TAMS 0x0000000095900000, 0x0000000095a00000| Untracked 
| 346|0x0000000095a00000, 0x0000000095b00000, 0x0000000095b00000|100%| O|  |TAMS 0x0000000095a00000, 0x0000000095b00000| Untracked 
| 347|0x0000000095b00000, 0x0000000095c00000, 0x0000000095c00000|100%| O|  |TAMS 0x0000000095b00000, 0x0000000095c00000| Untracked 
| 348|0x0000000095c00000, 0x0000000095d00000, 0x0000000095d00000|100%| O|  |TAMS 0x0000000095c00000, 0x0000000095d00000| Untracked 
| 349|0x0000000095d00000, 0x0000000095e00000, 0x0000000095e00000|100%| O|  |TAMS 0x0000000095d00000, 0x0000000095e00000| Untracked 
| 350|0x0000000095e00000, 0x0000000095f00000, 0x0000000095f00000|100%| O|  |TAMS 0x0000000095e00000, 0x0000000095f00000| Untracked 
| 351|0x0000000095f00000, 0x0000000096000000, 0x0000000096000000|100%| O|  |TAMS 0x0000000095f00000, 0x0000000096000000| Untracked 
| 352|0x0000000096000000, 0x0000000096100000, 0x0000000096100000|100%| O|  |TAMS 0x0000000096000000, 0x0000000096100000| Untracked 
| 353|0x0000000096100000, 0x0000000096200000, 0x0000000096200000|100%| O|  |TAMS 0x0000000096100000, 0x0000000096200000| Untracked 
| 354|0x0000000096200000, 0x0000000096300000, 0x0000000096300000|100%| O|  |TAMS 0x0000000096200000, 0x0000000096300000| Untracked 
| 355|0x0000000096300000, 0x0000000096400000, 0x0000000096400000|100%| O|  |TAMS 0x0000000096300000, 0x0000000096400000| Untracked 
| 356|0x0000000096400000, 0x0000000096500000, 0x0000000096500000|100%| O|  |TAMS 0x0000000096400000, 0x0000000096500000| Untracked 
| 357|0x0000000096500000, 0x0000000096600000, 0x0000000096600000|100%| O|  |TAMS 0x0000000096500000, 0x0000000096600000| Untracked 
| 358|0x0000000096600000, 0x0000000096700000, 0x0000000096700000|100%| O|  |TAMS 0x0000000096600000, 0x0000000096700000| Untracked 
| 359|0x0000000096700000, 0x0000000096800000, 0x0000000096800000|100%| O|  |TAMS 0x0000000096700000, 0x0000000096800000| Untracked 
| 360|0x0000000096800000, 0x0000000096900000, 0x0000000096900000|100%| O|  |TAMS 0x0000000096800000, 0x0000000096900000| Untracked 
| 361|0x0000000096900000, 0x0000000096a00000, 0x0000000096a00000|100%| O|  |TAMS 0x0000000096900000, 0x0000000096a00000| Untracked 
| 362|0x0000000096a00000, 0x0000000096b00000, 0x0000000096b00000|100%| O|  |TAMS 0x0000000096a00000, 0x0000000096b00000| Untracked 
| 363|0x0000000096b00000, 0x0000000096c00000, 0x0000000096c00000|100%| O|  |TAMS 0x0000000096b00000, 0x0000000096c00000| Untracked 
| 364|0x0000000096c00000, 0x0000000096d00000, 0x0000000096d00000|100%| O|  |TAMS 0x0000000096c00000, 0x0000000096d00000| Untracked 
| 365|0x0000000096d00000, 0x0000000096e00000, 0x0000000096e00000|100%| O|  |TAMS 0x0000000096d00000, 0x0000000096e00000| Untracked 
| 366|0x0000000096e00000, 0x0000000096f00000, 0x0000000096f00000|100%| O|  |TAMS 0x0000000096e00000, 0x0000000096f00000| Untracked 
| 367|0x0000000096f00000, 0x0000000097000000, 0x0000000097000000|100%| O|  |TAMS 0x0000000096f00000, 0x0000000097000000| Untracked 
| 368|0x0000000097000000, 0x0000000097100000, 0x0000000097100000|100%| O|  |TAMS 0x0000000097000000, 0x0000000097100000| Untracked 
| 369|0x0000000097100000, 0x0000000097200000, 0x0000000097200000|100%| O|  |TAMS 0x0000000097100000, 0x0000000097200000| Untracked 
| 370|0x0000000097200000, 0x0000000097300000, 0x0000000097300000|100%| O|  |TAMS 0x0000000097200000, 0x0000000097300000| Untracked 
| 371|0x0000000097300000, 0x0000000097400000, 0x0000000097400000|100%| O|  |TAMS 0x0000000097300000, 0x0000000097400000| Untracked 
| 372|0x0000000097400000, 0x0000000097500000, 0x0000000097500000|100%| O|  |TAMS 0x0000000097400000, 0x0000000097500000| Untracked 
| 373|0x0000000097500000, 0x0000000097600000, 0x0000000097600000|100%| O|  |TAMS 0x0000000097500000, 0x0000000097600000| Untracked 
| 374|0x0000000097600000, 0x0000000097700000, 0x0000000097700000|100%| O|  |TAMS 0x0000000097600000, 0x0000000097700000| Untracked 
| 375|0x0000000097700000, 0x0000000097800000, 0x0000000097800000|100%| O|  |TAMS 0x0000000097700000, 0x0000000097800000| Untracked 
| 376|0x0000000097800000, 0x0000000097900000, 0x0000000097900000|100%| O|  |TAMS 0x0000000097800000, 0x0000000097900000| Untracked 
| 377|0x0000000097900000, 0x0000000097a00000, 0x0000000097a00000|100%| O|  |TAMS 0x0000000097900000, 0x0000000097a00000| Untracked 
| 378|0x0000000097a00000, 0x0000000097b00000, 0x0000000097b00000|100%| O|  |TAMS 0x0000000097a00000, 0x0000000097b00000| Untracked 
| 379|0x0000000097b00000, 0x0000000097c00000, 0x0000000097c00000|100%| O|  |TAMS 0x0000000097b00000, 0x0000000097c00000| Untracked 
| 380|0x0000000097c00000, 0x0000000097d00000, 0x0000000097d00000|100%| O|  |TAMS 0x0000000097c00000, 0x0000000097d00000| Untracked 
| 381|0x0000000097d00000, 0x0000000097e00000, 0x0000000097e00000|100%| O|  |TAMS 0x0000000097d00000, 0x0000000097e00000| Untracked 
| 382|0x0000000097e00000, 0x0000000097f00000, 0x0000000097f00000|100%| O|  |TAMS 0x0000000097e00000, 0x0000000097f00000| Untracked 
| 383|0x0000000097f00000, 0x0000000098000000, 0x0000000098000000|100%| O|  |TAMS 0x0000000097f00000, 0x0000000098000000| Untracked 
| 384|0x0000000098000000, 0x0000000098100000, 0x0000000098100000|100%| O|  |TAMS 0x0000000098000000, 0x0000000098100000| Untracked 
| 385|0x0000000098100000, 0x0000000098200000, 0x0000000098200000|100%| O|  |TAMS 0x0000000098100000, 0x0000000098200000| Untracked 
| 386|0x0000000098200000, 0x0000000098300000, 0x0000000098300000|100%| O|  |TAMS 0x0000000098200000, 0x0000000098300000| Untracked 
| 387|0x0000000098300000, 0x0000000098400000, 0x0000000098400000|100%| O|  |TAMS 0x0000000098300000, 0x0000000098400000| Untracked 
| 388|0x0000000098400000, 0x0000000098500000, 0x0000000098500000|100%| O|  |TAMS 0x0000000098400000, 0x0000000098500000| Untracked 
| 389|0x0000000098500000, 0x0000000098600000, 0x0000000098600000|100%| O|  |TAMS 0x0000000098500000, 0x0000000098600000| Untracked 
| 390|0x0000000098600000, 0x0000000098700000, 0x0000000098700000|100%| O|  |TAMS 0x0000000098600000, 0x0000000098700000| Untracked 
| 391|0x0000000098700000, 0x0000000098800000, 0x0000000098800000|100%| O|  |TAMS 0x0000000098700000, 0x0000000098800000| Untracked 
| 392|0x0000000098800000, 0x0000000098900000, 0x0000000098900000|100%| O|  |TAMS 0x0000000098800000, 0x0000000098900000| Untracked 
| 393|0x0000000098900000, 0x0000000098a00000, 0x0000000098a00000|100%| O|  |TAMS 0x0000000098900000, 0x0000000098a00000| Untracked 
| 394|0x0000000098a00000, 0x0000000098b00000, 0x0000000098b00000|100%| O|  |TAMS 0x0000000098a00000, 0x0000000098b00000| Untracked 
| 395|0x0000000098b00000, 0x0000000098c00000, 0x0000000098c00000|100%| O|  |TAMS 0x0000000098b00000, 0x0000000098c00000| Untracked 
| 396|0x0000000098c00000, 0x0000000098d00000, 0x0000000098d00000|100%| O|  |TAMS 0x0000000098c00000, 0x0000000098d00000| Untracked 
| 397|0x0000000098d00000, 0x0000000098e00000, 0x0000000098e00000|100%| O|  |TAMS 0x0000000098d00000, 0x0000000098e00000| Untracked 
| 398|0x0000000098e00000, 0x0000000098f00000, 0x0000000098f00000|100%| O|  |TAMS 0x0000000098e00000, 0x0000000098f00000| Untracked 
| 399|0x0000000098f00000, 0x0000000099000000, 0x0000000099000000|100%| O|  |TAMS 0x0000000098f00000, 0x0000000099000000| Untracked 
| 400|0x0000000099000000, 0x0000000099100000, 0x0000000099100000|100%| O|  |TAMS 0x0000000099000000, 0x0000000099100000| Untracked 
| 401|0x0000000099100000, 0x0000000099200000, 0x0000000099200000|100%| O|  |TAMS 0x0000000099100000, 0x0000000099200000| Untracked 
| 402|0x0000000099200000, 0x0000000099300000, 0x0000000099300000|100%| O|  |TAMS 0x0000000099200000, 0x0000000099300000| Untracked 
| 403|0x0000000099300000, 0x0000000099400000, 0x0000000099400000|100%|HS|  |TAMS 0x0000000099300000, 0x0000000099400000| Complete 
| 404|0x0000000099400000, 0x0000000099500000, 0x0000000099500000|100%| O|  |TAMS 0x0000000099400000, 0x0000000099500000| Untracked 
| 405|0x0000000099500000, 0x0000000099600000, 0x0000000099600000|100%| O|  |TAMS 0x0000000099500000, 0x0000000099600000| Untracked 
| 406|0x0000000099600000, 0x0000000099700000, 0x0000000099700000|100%| O|  |TAMS 0x0000000099600000, 0x0000000099700000| Untracked 
| 407|0x0000000099700000, 0x0000000099800000, 0x0000000099800000|100%| O|  |TAMS 0x0000000099700000, 0x0000000099800000| Untracked 
| 408|0x0000000099800000, 0x0000000099900000, 0x0000000099900000|100%| O|  |TAMS 0x0000000099800000, 0x0000000099900000| Untracked 
| 409|0x0000000099900000, 0x0000000099a00000, 0x0000000099a00000|100%| O|  |TAMS 0x0000000099900000, 0x0000000099a00000| Untracked 
| 410|0x0000000099a00000, 0x0000000099b00000, 0x0000000099b00000|100%| O|  |TAMS 0x0000000099a00000, 0x0000000099b00000| Untracked 
| 411|0x0000000099b00000, 0x0000000099c00000, 0x0000000099c00000|100%| O|  |TAMS 0x0000000099b00000, 0x0000000099c00000| Untracked 
| 412|0x0000000099c00000, 0x0000000099d00000, 0x0000000099d00000|100%| O|  |TAMS 0x0000000099c00000, 0x0000000099d00000| Untracked 
| 413|0x0000000099d00000, 0x0000000099e00000, 0x0000000099e00000|100%| O|  |TAMS 0x0000000099d00000, 0x0000000099e00000| Untracked 
| 414|0x0000000099e00000, 0x0000000099f00000, 0x0000000099f00000|100%| O|  |TAMS 0x0000000099e00000, 0x0000000099f00000| Untracked 
| 415|0x0000000099f00000, 0x000000009a000000, 0x000000009a000000|100%| O|  |TAMS 0x0000000099f00000, 0x000000009a000000| Untracked 
| 416|0x000000009a000000, 0x000000009a100000, 0x000000009a100000|100%| O|  |TAMS 0x000000009a000000, 0x000000009a100000| Untracked 
| 417|0x000000009a100000, 0x000000009a200000, 0x000000009a200000|100%| O|  |TAMS 0x000000009a100000, 0x000000009a200000| Untracked 
| 418|0x000000009a200000, 0x000000009a300000, 0x000000009a300000|100%| O|  |TAMS 0x000000009a200000, 0x000000009a300000| Untracked 
| 419|0x000000009a300000, 0x000000009a400000, 0x000000009a400000|100%| O|  |TAMS 0x000000009a300000, 0x000000009a400000| Untracked 
| 420|0x000000009a400000, 0x000000009a500000, 0x000000009a500000|100%| O|  |TAMS 0x000000009a400000, 0x000000009a500000| Untracked 
| 421|0x000000009a500000, 0x000000009a600000, 0x000000009a600000|100%| O|  |TAMS 0x000000009a500000, 0x000000009a600000| Untracked 
| 422|0x000000009a600000, 0x000000009a700000, 0x000000009a700000|100%| O|  |TAMS 0x000000009a600000, 0x000000009a700000| Untracked 
| 423|0x000000009a700000, 0x000000009a800000, 0x000000009a800000|100%| O|  |TAMS 0x000000009a700000, 0x000000009a800000| Untracked 
| 424|0x000000009a800000, 0x000000009a900000, 0x000000009a900000|100%| O|  |TAMS 0x000000009a800000, 0x000000009a900000| Untracked 
| 425|0x000000009a900000, 0x000000009aa00000, 0x000000009aa00000|100%| O|  |TAMS 0x000000009a900000, 0x000000009aa00000| Untracked 
| 426|0x000000009aa00000, 0x000000009ab00000, 0x000000009ab00000|100%| O|  |TAMS 0x000000009aa00000, 0x000000009ab00000| Untracked 
| 427|0x000000009ab00000, 0x000000009ac00000, 0x000000009ac00000|100%| O|  |TAMS 0x000000009ab00000, 0x000000009ac00000| Untracked 
| 428|0x000000009ac00000, 0x000000009ad00000, 0x000000009ad00000|100%| O|  |TAMS 0x000000009ac00000, 0x000000009ad00000| Untracked 
| 429|0x000000009ad00000, 0x000000009ae00000, 0x000000009ae00000|100%| O|  |TAMS 0x000000009ad00000, 0x000000009ae00000| Untracked 
| 430|0x000000009ae00000, 0x000000009af00000, 0x000000009af00000|100%| O|  |TAMS 0x000000009ae00000, 0x000000009af00000| Untracked 
| 431|0x000000009af00000, 0x000000009b000000, 0x000000009b000000|100%| O|  |TAMS 0x000000009af00000, 0x000000009b000000| Untracked 
| 432|0x000000009b000000, 0x000000009b100000, 0x000000009b100000|100%| O|  |TAMS 0x000000009b000000, 0x000000009b100000| Untracked 
| 433|0x000000009b100000, 0x000000009b200000, 0x000000009b200000|100%| O|  |TAMS 0x000000009b100000, 0x000000009b200000| Untracked 
| 434|0x000000009b200000, 0x000000009b300000, 0x000000009b300000|100%| O|  |TAMS 0x000000009b200000, 0x000000009b300000| Untracked 
| 435|0x000000009b300000, 0x000000009b400000, 0x000000009b400000|100%| O|  |TAMS 0x000000009b300000, 0x000000009b400000| Untracked 
| 436|0x000000009b400000, 0x000000009b500000, 0x000000009b500000|100%| O|  |TAMS 0x000000009b400000, 0x000000009b500000| Untracked 
| 437|0x000000009b500000, 0x000000009b600000, 0x000000009b600000|100%| O|  |TAMS 0x000000009b500000, 0x000000009b600000| Untracked 
| 438|0x000000009b600000, 0x000000009b700000, 0x000000009b700000|100%| O|  |TAMS 0x000000009b600000, 0x000000009b700000| Untracked 
| 439|0x000000009b700000, 0x000000009b800000, 0x000000009b800000|100%| O|  |TAMS 0x000000009b700000, 0x000000009b800000| Untracked 
| 440|0x000000009b800000, 0x000000009b900000, 0x000000009b900000|100%| O|  |TAMS 0x000000009b800000, 0x000000009b900000| Untracked 
| 441|0x000000009b900000, 0x000000009ba00000, 0x000000009ba00000|100%|HS|  |TAMS 0x000000009b900000, 0x000000009b900000| Complete 
| 442|0x000000009ba00000, 0x000000009bb00000, 0x000000009bb00000|100%|HS|  |TAMS 0x000000009ba00000, 0x000000009ba00000| Complete 
| 443|0x000000009bb00000, 0x000000009bc00000, 0x000000009bc00000|100%|HC|  |TAMS 0x000000009bb00000, 0x000000009bb00000| Complete 
| 444|0x000000009bc00000, 0x000000009bd00000, 0x000000009bd00000|100%|HS|  |TAMS 0x000000009bc00000, 0x000000009bd00000| Complete 
| 445|0x000000009bd00000, 0x000000009be00000, 0x000000009be00000|100%|HS|  |TAMS 0x000000009bd00000, 0x000000009be00000| Complete 
| 446|0x000000009be00000, 0x000000009bf00000, 0x000000009bf00000|100%| O|  |TAMS 0x000000009be00000, 0x000000009bf00000| Untracked 
| 447|0x000000009bf00000, 0x000000009c000000, 0x000000009c000000|100%| O|  |TAMS 0x000000009bf00000, 0x000000009c000000| Untracked 
| 448|0x000000009c000000, 0x000000009c100000, 0x000000009c100000|100%| O|  |TAMS 0x000000009c000000, 0x000000009c100000| Untracked 
| 449|0x000000009c100000, 0x000000009c200000, 0x000000009c200000|100%| O|  |TAMS 0x000000009c100000, 0x000000009c200000| Untracked 
| 450|0x000000009c200000, 0x000000009c300000, 0x000000009c300000|100%| O|  |TAMS 0x000000009c200000, 0x000000009c300000| Untracked 
| 451|0x000000009c300000, 0x000000009c400000, 0x000000009c400000|100%| O|  |TAMS 0x000000009c300000, 0x000000009c400000| Untracked 
| 452|0x000000009c400000, 0x000000009c500000, 0x000000009c500000|100%| O|  |TAMS 0x000000009c400000, 0x000000009c500000| Untracked 
| 453|0x000000009c500000, 0x000000009c600000, 0x000000009c600000|100%| O|  |TAMS 0x000000009c500000, 0x000000009c600000| Untracked 
| 454|0x000000009c600000, 0x000000009c700000, 0x000000009c700000|100%| O|  |TAMS 0x000000009c600000, 0x000000009c700000| Untracked 
| 455|0x000000009c700000, 0x000000009c800000, 0x000000009c800000|100%| O|  |TAMS 0x000000009c700000, 0x000000009c800000| Untracked 
| 456|0x000000009c800000, 0x000000009c900000, 0x000000009c900000|100%| O|  |TAMS 0x000000009c800000, 0x000000009c800000| Untracked 
| 457|0x000000009c900000, 0x000000009ca00000, 0x000000009ca00000|100%| O|  |TAMS 0x000000009c900000, 0x000000009c900000| Untracked 
| 458|0x000000009ca00000, 0x000000009cb00000, 0x000000009cb00000|100%| O|  |TAMS 0x000000009ca00000, 0x000000009ca00000| Untracked 
| 459|0x000000009cb00000, 0x000000009cc00000, 0x000000009cc00000|100%|HS|  |TAMS 0x000000009cb00000, 0x000000009cb00000| Complete 
| 460|0x000000009cc00000, 0x000000009cd00000, 0x000000009cd00000|100%| O|  |TAMS 0x000000009cc00000, 0x000000009cc00000| Untracked 
| 461|0x000000009cd00000, 0x000000009ce00000, 0x000000009ce00000|100%|HS|  |TAMS 0x000000009cd00000, 0x000000009ce00000| Complete 
| 462|0x000000009ce00000, 0x000000009cf00000, 0x000000009cf00000|100%|HC|  |TAMS 0x000000009ce00000, 0x000000009cf00000| Complete 
| 463|0x000000009cf00000, 0x000000009d000000, 0x000000009d000000|100%|HC|  |TAMS 0x000000009cf00000, 0x000000009d000000| Complete 
| 464|0x000000009d000000, 0x000000009d100000, 0x000000009d100000|100%|HC|  |TAMS 0x000000009d000000, 0x000000009d100000| Complete 
| 465|0x000000009d100000, 0x000000009d200000, 0x000000009d200000|100%|HS|  |TAMS 0x000000009d100000, 0x000000009d200000| Complete 
| 466|0x000000009d200000, 0x000000009d300000, 0x000000009d300000|100%|HC|  |TAMS 0x000000009d200000, 0x000000009d300000| Complete 
| 467|0x000000009d300000, 0x000000009d400000, 0x000000009d400000|100%|HC|  |TAMS 0x000000009d300000, 0x000000009d400000| Complete 
| 468|0x000000009d400000, 0x000000009d500000, 0x000000009d500000|100%|HS|  |TAMS 0x000000009d400000, 0x000000009d500000| Complete 
| 469|0x000000009d500000, 0x000000009d600000, 0x000000009d600000|100%|HC|  |TAMS 0x000000009d500000, 0x000000009d600000| Complete 
| 470|0x000000009d600000, 0x000000009d700000, 0x000000009d700000|100%| O|  |TAMS 0x000000009d600000, 0x000000009d700000| Untracked 
| 471|0x000000009d700000, 0x000000009d800000, 0x000000009d800000|100%| O|  |TAMS 0x000000009d700000, 0x000000009d800000| Untracked 
| 472|0x000000009d800000, 0x000000009d900000, 0x000000009d900000|100%| O|  |TAMS 0x000000009d800000, 0x000000009d900000| Untracked 
| 473|0x000000009d900000, 0x000000009da00000, 0x000000009da00000|100%| O|  |TAMS 0x000000009d900000, 0x000000009da00000| Untracked 
| 474|0x000000009da00000, 0x000000009db00000, 0x000000009db00000|100%| O|  |TAMS 0x000000009da00000, 0x000000009db00000| Untracked 
| 475|0x000000009db00000, 0x000000009dc00000, 0x000000009dc00000|100%| O|  |TAMS 0x000000009db00000, 0x000000009dc00000| Untracked 
| 476|0x000000009dc00000, 0x000000009dd00000, 0x000000009dd00000|100%| O|  |TAMS 0x000000009dc00000, 0x000000009dd00000| Untracked 
| 477|0x000000009dd00000, 0x000000009de00000, 0x000000009de00000|100%| O|  |TAMS 0x000000009dd00000, 0x000000009dd4fe00| Untracked 
| 478|0x000000009de00000, 0x000000009df00000, 0x000000009df00000|100%|HS|  |TAMS 0x000000009de00000, 0x000000009df00000| Complete 
| 479|0x000000009df00000, 0x000000009e000000, 0x000000009e000000|100%|HC|  |TAMS 0x000000009df00000, 0x000000009e000000| Complete 
| 480|0x000000009e000000, 0x000000009e100000, 0x000000009e100000|100%|HC|  |TAMS 0x000000009e000000, 0x000000009e100000| Complete 
| 481|0x000000009e100000, 0x000000009e200000, 0x000000009e200000|100%|HS|  |TAMS 0x000000009e100000, 0x000000009e200000| Complete 
| 482|0x000000009e200000, 0x000000009e300000, 0x000000009e300000|100%|HC|  |TAMS 0x000000009e200000, 0x000000009e300000| Complete 
| 483|0x000000009e300000, 0x000000009e400000, 0x000000009e400000|100%|HS|  |TAMS 0x000000009e300000, 0x000000009e400000| Complete 
| 484|0x000000009e400000, 0x000000009e500000, 0x000000009e500000|100%|HC|  |TAMS 0x000000009e400000, 0x000000009e500000| Complete 
| 485|0x000000009e500000, 0x000000009e600000, 0x000000009e600000|100%|HS|  |TAMS 0x000000009e500000, 0x000000009e600000| Complete 
| 486|0x000000009e600000, 0x000000009e700000, 0x000000009e700000|100%|HC|  |TAMS 0x000000009e600000, 0x000000009e700000| Complete 
| 487|0x000000009e700000, 0x000000009e800000, 0x000000009e800000|100%|HS|  |TAMS 0x000000009e700000, 0x000000009e800000| Complete 
| 488|0x000000009e800000, 0x000000009e900000, 0x000000009e900000|100%|HC|  |TAMS 0x000000009e800000, 0x000000009e900000| Complete 
| 489|0x000000009e900000, 0x000000009ea00000, 0x000000009ea00000|100%|HC|  |TAMS 0x000000009e900000, 0x000000009ea00000| Complete 
| 490|0x000000009ea00000, 0x000000009eb00000, 0x000000009eb00000|100%| O|  |TAMS 0x000000009ea00000, 0x000000009ea00000| Untracked 
| 491|0x000000009eb00000, 0x000000009ec00000, 0x000000009ec00000|100%| O|  |TAMS 0x000000009eb00000, 0x000000009eb00000| Untracked 
| 492|0x000000009ec00000, 0x000000009ed00000, 0x000000009ed00000|100%| O|  |TAMS 0x000000009ec00000, 0x000000009ec00000| Untracked 
| 493|0x000000009ed00000, 0x000000009ee00000, 0x000000009ee00000|100%| O|  |TAMS 0x000000009ed00000, 0x000000009ed00000| Untracked 
| 494|0x000000009ee00000, 0x000000009ef00000, 0x000000009ef00000|100%| O|  |TAMS 0x000000009ee00000, 0x000000009ee00000| Untracked 
| 495|0x000000009ef00000, 0x000000009f000000, 0x000000009f000000|100%| O|  |TAMS 0x000000009ef00000, 0x000000009ef00000| Untracked 
| 496|0x000000009f000000, 0x000000009f100000, 0x000000009f100000|100%| O|  |TAMS 0x000000009f000000, 0x000000009f000000| Untracked 
| 497|0x000000009f100000, 0x000000009f200000, 0x000000009f200000|100%| O|  |TAMS 0x000000009f100000, 0x000000009f100000| Untracked 
| 498|0x000000009f200000, 0x000000009f300000, 0x000000009f300000|100%| O|  |TAMS 0x000000009f200000, 0x000000009f200000| Untracked 
| 499|0x000000009f300000, 0x000000009f400000, 0x000000009f400000|100%| O|  |TAMS 0x000000009f300000, 0x000000009f300000| Untracked 
| 500|0x000000009f400000, 0x000000009f500000, 0x000000009f500000|100%| O|  |TAMS 0x000000009f400000, 0x000000009f400000| Untracked 
| 501|0x000000009f500000, 0x000000009f600000, 0x000000009f600000|100%| O|  |TAMS 0x000000009f500000, 0x000000009f500000| Untracked 
| 502|0x000000009f600000, 0x000000009f700000, 0x000000009f700000|100%| O|  |TAMS 0x000000009f600000, 0x000000009f600000| Untracked 
| 503|0x000000009f700000, 0x000000009f800000, 0x000000009f800000|100%| O|  |TAMS 0x000000009f700000, 0x000000009f700000| Untracked 
| 504|0x000000009f800000, 0x000000009f900000, 0x000000009f900000|100%| O|  |TAMS 0x000000009f800000, 0x000000009f800000| Untracked 
| 505|0x000000009f900000, 0x000000009fa00000, 0x000000009fa00000|100%| O|  |TAMS 0x000000009f900000, 0x000000009f900000| Untracked 
| 506|0x000000009fa00000, 0x000000009fb00000, 0x000000009fb00000|100%| O|  |TAMS 0x000000009fa00000, 0x000000009fa00000| Untracked 
| 507|0x000000009fb00000, 0x000000009fc00000, 0x000000009fc00000|100%| O|  |TAMS 0x000000009fb00000, 0x000000009fb00000| Untracked 
| 508|0x000000009fc00000, 0x000000009fd00000, 0x000000009fd00000|100%| O|  |TAMS 0x000000009fc00000, 0x000000009fc00000| Untracked 
| 509|0x000000009fd00000, 0x000000009fe00000, 0x000000009fe00000|100%| O|  |TAMS 0x000000009fd00000, 0x000000009fd00000| Untracked 
| 510|0x000000009fe00000, 0x000000009ff00000, 0x000000009ff00000|100%| O|  |TAMS 0x000000009fe00000, 0x000000009fe00000| Untracked 
| 511|0x000000009ff00000, 0x00000000a0000000, 0x00000000a0000000|100%| O|  |TAMS 0x000000009ff00000, 0x000000009ff00000| Untracked 
| 512|0x00000000a0000000, 0x00000000a0100000, 0x00000000a0100000|100%| O|  |TAMS 0x00000000a0000000, 0x00000000a0000000| Untracked 
| 513|0x00000000a0100000, 0x00000000a0200000, 0x00000000a0200000|100%| O|  |TAMS 0x00000000a0100000, 0x00000000a0100000| Untracked 
| 514|0x00000000a0200000, 0x00000000a0300000, 0x00000000a0300000|100%| O|  |TAMS 0x00000000a0200000, 0x00000000a0200000| Untracked 
| 515|0x00000000a0300000, 0x00000000a0400000, 0x00000000a0400000|100%| O|  |TAMS 0x00000000a0300000, 0x00000000a0300000| Untracked 
| 516|0x00000000a0400000, 0x00000000a0500000, 0x00000000a0500000|100%| O|  |TAMS 0x00000000a0400000, 0x00000000a0400000| Untracked 
| 517|0x00000000a0500000, 0x00000000a0600000, 0x00000000a0600000|100%| O|  |TAMS 0x00000000a0500000, 0x00000000a0500000| Untracked 
| 518|0x00000000a0600000, 0x00000000a0700000, 0x00000000a0700000|100%| O|  |TAMS 0x00000000a0600000, 0x00000000a0600000| Untracked 
| 519|0x00000000a0700000, 0x00000000a0800000, 0x00000000a0800000|100%| O|  |TAMS 0x00000000a0700000, 0x00000000a0700000| Untracked 
| 520|0x00000000a0800000, 0x00000000a0900000, 0x00000000a0900000|100%| O|  |TAMS 0x00000000a0800000, 0x00000000a0800000| Untracked 
| 521|0x00000000a0900000, 0x00000000a0a00000, 0x00000000a0a00000|100%| O|  |TAMS 0x00000000a0900000, 0x00000000a0900000| Untracked 
| 522|0x00000000a0a00000, 0x00000000a0b00000, 0x00000000a0b00000|100%| O|  |TAMS 0x00000000a0a00000, 0x00000000a0a00000| Untracked 
| 523|0x00000000a0b00000, 0x00000000a0c00000, 0x00000000a0c00000|100%| O|  |TAMS 0x00000000a0b00000, 0x00000000a0b00000| Untracked 
| 524|0x00000000a0c00000, 0x00000000a0d00000, 0x00000000a0d00000|100%| O|  |TAMS 0x00000000a0c00000, 0x00000000a0c00000| Untracked 
| 525|0x00000000a0d00000, 0x00000000a0e00000, 0x00000000a0e00000|100%| O|  |TAMS 0x00000000a0d00000, 0x00000000a0d00000| Untracked 
| 526|0x00000000a0e00000, 0x00000000a0f00000, 0x00000000a0f00000|100%| O|  |TAMS 0x00000000a0e00000, 0x00000000a0e00000| Untracked 
| 527|0x00000000a0f00000, 0x00000000a1000000, 0x00000000a1000000|100%| O|  |TAMS 0x00000000a0f00000, 0x00000000a0f00000| Untracked 
| 528|0x00000000a1000000, 0x00000000a1100000, 0x00000000a1100000|100%| O|  |TAMS 0x00000000a1000000, 0x00000000a1000000| Untracked 
| 529|0x00000000a1100000, 0x00000000a1200000, 0x00000000a1200000|100%| O|  |TAMS 0x00000000a1100000, 0x00000000a1100000| Untracked 
| 530|0x00000000a1200000, 0x00000000a1300000, 0x00000000a1300000|100%| O|  |TAMS 0x00000000a1200000, 0x00000000a1200000| Untracked 
| 531|0x00000000a1300000, 0x00000000a1400000, 0x00000000a1400000|100%| O|  |TAMS 0x00000000a1300000, 0x00000000a1300000| Untracked 
| 532|0x00000000a1400000, 0x00000000a1500000, 0x00000000a1500000|100%| O|  |TAMS 0x00000000a1400000, 0x00000000a1400000| Untracked 
| 533|0x00000000a1500000, 0x00000000a1600000, 0x00000000a1600000|100%| O|  |TAMS 0x00000000a1500000, 0x00000000a1500000| Untracked 
| 534|0x00000000a1600000, 0x00000000a1700000, 0x00000000a1700000|100%| O|  |TAMS 0x00000000a1600000, 0x00000000a1600000| Untracked 
| 535|0x00000000a1700000, 0x00000000a1800000, 0x00000000a1800000|100%| O|  |TAMS 0x00000000a1700000, 0x00000000a1700000| Untracked 
| 536|0x00000000a1800000, 0x00000000a1900000, 0x00000000a1900000|100%|HS|  |TAMS 0x00000000a1800000, 0x00000000a1900000| Complete 
| 537|0x00000000a1900000, 0x00000000a1a00000, 0x00000000a1a00000|100%| O|  |TAMS 0x00000000a1900000, 0x00000000a1900000| Untracked 
| 538|0x00000000a1a00000, 0x00000000a1b00000, 0x00000000a1b00000|100%| O|  |TAMS 0x00000000a1a00000, 0x00000000a1a00000| Untracked 
| 539|0x00000000a1b00000, 0x00000000a1c00000, 0x00000000a1c00000|100%| O|  |TAMS 0x00000000a1b00000, 0x00000000a1b00000| Untracked 
| 540|0x00000000a1c00000, 0x00000000a1d00000, 0x00000000a1d00000|100%| O|  |TAMS 0x00000000a1c00000, 0x00000000a1c00000| Untracked 
| 541|0x00000000a1d00000, 0x00000000a1e00000, 0x00000000a1e00000|100%| O|  |TAMS 0x00000000a1d00000, 0x00000000a1d00000| Untracked 
| 542|0x00000000a1e00000, 0x00000000a1f00000, 0x00000000a1f00000|100%| O|  |TAMS 0x00000000a1e00000, 0x00000000a1e00000| Untracked 
| 543|0x00000000a1f00000, 0x00000000a2000000, 0x00000000a2000000|100%| O|  |TAMS 0x00000000a1f00000, 0x00000000a1f00000| Untracked 
| 544|0x00000000a2000000, 0x00000000a2100000, 0x00000000a2100000|100%| O|  |TAMS 0x00000000a2000000, 0x00000000a2000000| Untracked 
| 545|0x00000000a2100000, 0x00000000a2200000, 0x00000000a2200000|100%| O|  |TAMS 0x00000000a2100000, 0x00000000a2100000| Untracked 
| 546|0x00000000a2200000, 0x00000000a2300000, 0x00000000a2300000|100%| O|  |TAMS 0x00000000a2200000, 0x00000000a2200000| Untracked 
| 547|0x00000000a2300000, 0x00000000a2400000, 0x00000000a2400000|100%| O|  |TAMS 0x00000000a2300000, 0x00000000a2300000| Untracked 
| 548|0x00000000a2400000, 0x00000000a2500000, 0x00000000a2500000|100%| O|  |TAMS 0x00000000a2400000, 0x00000000a2400000| Untracked 
| 549|0x00000000a2500000, 0x00000000a2600000, 0x00000000a2600000|100%| O|  |TAMS 0x00000000a2500000, 0x00000000a2500000| Untracked 
| 550|0x00000000a2600000, 0x00000000a2700000, 0x00000000a2700000|100%| O|  |TAMS 0x00000000a2600000, 0x00000000a2600000| Untracked 
| 551|0x00000000a2700000, 0x00000000a2800000, 0x00000000a2800000|100%| O|  |TAMS 0x00000000a2700000, 0x00000000a2700000| Untracked 
| 552|0x00000000a2800000, 0x00000000a2900000, 0x00000000a2900000|100%| O|  |TAMS 0x00000000a2800000, 0x00000000a2800000| Untracked 
| 553|0x00000000a2900000, 0x00000000a2a00000, 0x00000000a2a00000|100%| O|  |TAMS 0x00000000a2900000, 0x00000000a2900000| Untracked 
| 554|0x00000000a2a00000, 0x00000000a2b00000, 0x00000000a2b00000|100%| O|  |TAMS 0x00000000a2a00000, 0x00000000a2a00000| Untracked 
| 555|0x00000000a2b00000, 0x00000000a2c00000, 0x00000000a2c00000|100%| O|  |TAMS 0x00000000a2b00000, 0x00000000a2b00000| Untracked 
| 556|0x00000000a2c00000, 0x00000000a2d00000, 0x00000000a2d00000|100%| O|  |TAMS 0x00000000a2c00000, 0x00000000a2c00000| Untracked 
| 557|0x00000000a2d00000, 0x00000000a2e00000, 0x00000000a2e00000|100%| O|  |TAMS 0x00000000a2d00000, 0x00000000a2d00000| Untracked 
| 558|0x00000000a2e00000, 0x00000000a2f00000, 0x00000000a2f00000|100%| O|  |TAMS 0x00000000a2e00000, 0x00000000a2e00000| Untracked 
| 559|0x00000000a2f00000, 0x00000000a3000000, 0x00000000a3000000|100%| O|  |TAMS 0x00000000a2f00000, 0x00000000a2f00000| Untracked 
| 560|0x00000000a3000000, 0x00000000a3100000, 0x00000000a3100000|100%| O|  |TAMS 0x00000000a3000000, 0x00000000a3000000| Untracked 
| 561|0x00000000a3100000, 0x00000000a3200000, 0x00000000a3200000|100%| O|  |TAMS 0x00000000a3100000, 0x00000000a3100000| Untracked 
| 562|0x00000000a3200000, 0x00000000a3300000, 0x00000000a3300000|100%| O|  |TAMS 0x00000000a3200000, 0x00000000a3200000| Untracked 
| 563|0x00000000a3300000, 0x00000000a3400000, 0x00000000a3400000|100%| O|  |TAMS 0x00000000a3300000, 0x00000000a3300000| Untracked 
| 564|0x00000000a3400000, 0x00000000a3500000, 0x00000000a3500000|100%| O|  |TAMS 0x00000000a3400000, 0x00000000a3400000| Untracked 
| 565|0x00000000a3500000, 0x00000000a3600000, 0x00000000a3600000|100%| O|  |TAMS 0x00000000a3500000, 0x00000000a3500000| Untracked 
| 566|0x00000000a3600000, 0x00000000a3700000, 0x00000000a3700000|100%| O|  |TAMS 0x00000000a3600000, 0x00000000a3600000| Untracked 
| 567|0x00000000a3700000, 0x00000000a3800000, 0x00000000a3800000|100%| O|  |TAMS 0x00000000a3700000, 0x00000000a3700000| Untracked 
| 568|0x00000000a3800000, 0x00000000a3900000, 0x00000000a3900000|100%| O|  |TAMS 0x00000000a3800000, 0x00000000a3800000| Untracked 
| 569|0x00000000a3900000, 0x00000000a3a00000, 0x00000000a3a00000|100%| O|  |TAMS 0x00000000a3900000, 0x00000000a3900000| Untracked 
| 570|0x00000000a3a00000, 0x00000000a3b00000, 0x00000000a3b00000|100%| O|  |TAMS 0x00000000a3a00000, 0x00000000a3a00000| Untracked 
| 571|0x00000000a3b00000, 0x00000000a3c00000, 0x00000000a3c00000|100%| O|  |TAMS 0x00000000a3b00000, 0x00000000a3b00000| Untracked 
| 572|0x00000000a3c00000, 0x00000000a3d00000, 0x00000000a3d00000|100%| O|  |TAMS 0x00000000a3c00000, 0x00000000a3c00000| Untracked 
| 573|0x00000000a3d00000, 0x00000000a3e00000, 0x00000000a3e00000|100%| O|  |TAMS 0x00000000a3d00000, 0x00000000a3d00000| Untracked 
| 574|0x00000000a3e00000, 0x00000000a3f00000, 0x00000000a3f00000|100%| O|  |TAMS 0x00000000a3e00000, 0x00000000a3e00000| Untracked 
| 575|0x00000000a3f00000, 0x00000000a4000000, 0x00000000a4000000|100%| O|  |TAMS 0x00000000a3f00000, 0x00000000a3f00000| Untracked 
| 576|0x00000000a4000000, 0x00000000a4100000, 0x00000000a4100000|100%| O|  |TAMS 0x00000000a4000000, 0x00000000a4000000| Untracked 
| 577|0x00000000a4100000, 0x00000000a4200000, 0x00000000a4200000|100%| O|  |TAMS 0x00000000a4100000, 0x00000000a4100000| Untracked 
| 578|0x00000000a4200000, 0x00000000a4300000, 0x00000000a4300000|100%| O|  |TAMS 0x00000000a4200000, 0x00000000a4200000| Untracked 
| 579|0x00000000a4300000, 0x00000000a4400000, 0x00000000a4400000|100%| O|  |TAMS 0x00000000a4300000, 0x00000000a4300000| Untracked 
| 580|0x00000000a4400000, 0x00000000a4500000, 0x00000000a4500000|100%| O|  |TAMS 0x00000000a4400000, 0x00000000a4400000| Untracked 
| 581|0x00000000a4500000, 0x00000000a4600000, 0x00000000a4600000|100%| O|  |TAMS 0x00000000a4500000, 0x00000000a4500000| Untracked 
| 582|0x00000000a4600000, 0x00000000a4700000, 0x00000000a4700000|100%| O|  |TAMS 0x00000000a4600000, 0x00000000a4600000| Untracked 
| 583|0x00000000a4700000, 0x00000000a4800000, 0x00000000a4800000|100%| O|  |TAMS 0x00000000a4700000, 0x00000000a4700000| Untracked 
| 584|0x00000000a4800000, 0x00000000a4900000, 0x00000000a4900000|100%| O|  |TAMS 0x00000000a4800000, 0x00000000a4800000| Untracked 
| 585|0x00000000a4900000, 0x00000000a4a00000, 0x00000000a4a00000|100%| O|  |TAMS 0x00000000a4900000, 0x00000000a4900000| Untracked 
| 586|0x00000000a4a00000, 0x00000000a4b00000, 0x00000000a4b00000|100%| O|  |TAMS 0x00000000a4a00000, 0x00000000a4a00000| Untracked 
| 587|0x00000000a4b00000, 0x00000000a4c00000, 0x00000000a4c00000|100%| O|  |TAMS 0x00000000a4b00000, 0x00000000a4b00000| Untracked 
| 588|0x00000000a4c00000, 0x00000000a4d00000, 0x00000000a4d00000|100%| O|  |TAMS 0x00000000a4c00000, 0x00000000a4c00000| Untracked 
| 589|0x00000000a4d00000, 0x00000000a4e00000, 0x00000000a4e00000|100%| O|  |TAMS 0x00000000a4d00000, 0x00000000a4d00000| Untracked 
| 590|0x00000000a4e00000, 0x00000000a4f00000, 0x00000000a4f00000|100%| O|  |TAMS 0x00000000a4e00000, 0x00000000a4e00000| Untracked 
| 591|0x00000000a4f00000, 0x00000000a5000000, 0x00000000a5000000|100%| O|  |TAMS 0x00000000a4f00000, 0x00000000a4f00000| Untracked 
| 592|0x00000000a5000000, 0x00000000a5100000, 0x00000000a5100000|100%| O|  |TAMS 0x00000000a5000000, 0x00000000a5000000| Untracked 
| 593|0x00000000a5100000, 0x00000000a5200000, 0x00000000a5200000|100%| O|  |TAMS 0x00000000a5100000, 0x00000000a5100000| Untracked 
| 594|0x00000000a5200000, 0x00000000a5300000, 0x00000000a5300000|100%| O|  |TAMS 0x00000000a5200000, 0x00000000a5200000| Untracked 
| 595|0x00000000a5300000, 0x00000000a5400000, 0x00000000a5400000|100%| O|  |TAMS 0x00000000a5300000, 0x00000000a5300000| Untracked 
| 596|0x00000000a5400000, 0x00000000a5500000, 0x00000000a5500000|100%| O|  |TAMS 0x00000000a5400000, 0x00000000a5400000| Untracked 
| 597|0x00000000a5500000, 0x00000000a5600000, 0x00000000a5600000|100%| O|  |TAMS 0x00000000a5500000, 0x00000000a5500000| Untracked 
| 598|0x00000000a5600000, 0x00000000a5700000, 0x00000000a5700000|100%| O|  |TAMS 0x00000000a5600000, 0x00000000a5600000| Untracked 
| 599|0x00000000a5700000, 0x00000000a5800000, 0x00000000a5800000|100%| O|  |TAMS 0x00000000a5700000, 0x00000000a5700000| Untracked 
| 600|0x00000000a5800000, 0x00000000a5900000, 0x00000000a5900000|100%| O|  |TAMS 0x00000000a5800000, 0x00000000a5800000| Untracked 
| 601|0x00000000a5900000, 0x00000000a5a00000, 0x00000000a5a00000|100%| O|  |TAMS 0x00000000a5900000, 0x00000000a5900000| Untracked 
| 602|0x00000000a5a00000, 0x00000000a5b00000, 0x00000000a5b00000|100%| O|  |TAMS 0x00000000a5a00000, 0x00000000a5a00000| Untracked 
| 603|0x00000000a5b00000, 0x00000000a5c00000, 0x00000000a5c00000|100%| O|  |TAMS 0x00000000a5b00000, 0x00000000a5b00000| Untracked 
| 604|0x00000000a5c00000, 0x00000000a5d00000, 0x00000000a5d00000|100%| O|  |TAMS 0x00000000a5c00000, 0x00000000a5c00000| Untracked 
| 605|0x00000000a5d00000, 0x00000000a5e00000, 0x00000000a5e00000|100%| O|  |TAMS 0x00000000a5d00000, 0x00000000a5d00000| Untracked 
| 606|0x00000000a5e00000, 0x00000000a5f00000, 0x00000000a5f00000|100%| O|  |TAMS 0x00000000a5e00000, 0x00000000a5e00000| Untracked 
| 607|0x00000000a5f00000, 0x00000000a6000000, 0x00000000a6000000|100%| O|  |TAMS 0x00000000a5f00000, 0x00000000a5f00000| Untracked 
| 608|0x00000000a6000000, 0x00000000a6100000, 0x00000000a6100000|100%| O|  |TAMS 0x00000000a6000000, 0x00000000a6000000| Untracked 
| 609|0x00000000a6100000, 0x00000000a6200000, 0x00000000a6200000|100%|HS|  |TAMS 0x00000000a6100000, 0x00000000a6100000| Complete 
| 610|0x00000000a6200000, 0x00000000a6300000, 0x00000000a6300000|100%|HS|  |TAMS 0x00000000a6200000, 0x00000000a6200000| Complete 
| 611|0x00000000a6300000, 0x00000000a6400000, 0x00000000a6400000|100%|HC|  |TAMS 0x00000000a6300000, 0x00000000a6300000| Complete 
| 612|0x00000000a6400000, 0x00000000a6500000, 0x00000000a6500000|100%|HS|  |TAMS 0x00000000a6400000, 0x00000000a6400000| Complete 
| 613|0x00000000a6500000, 0x00000000a6600000, 0x00000000a6600000|100%|HS|  |TAMS 0x00000000a6500000, 0x00000000a6500000| Complete 
| 614|0x00000000a6600000, 0x00000000a6700000, 0x00000000a6700000|100%|HC|  |TAMS 0x00000000a6600000, 0x00000000a6600000| Complete 
| 615|0x00000000a6700000, 0x00000000a6800000, 0x00000000a6800000|100%|HS|  |TAMS 0x00000000a6700000, 0x00000000a6700000| Complete 
| 616|0x00000000a6800000, 0x00000000a6900000, 0x00000000a6900000|100%|HS|  |TAMS 0x00000000a6800000, 0x00000000a6800000| Complete 
| 617|0x00000000a6900000, 0x00000000a6a00000, 0x00000000a6a00000|100%|HS|  |TAMS 0x00000000a6900000, 0x00000000a6900000| Complete 
| 618|0x00000000a6a00000, 0x00000000a6b00000, 0x00000000a6b00000|100%|HS|  |TAMS 0x00000000a6a00000, 0x00000000a6a00000| Complete 
| 619|0x00000000a6b00000, 0x00000000a6c00000, 0x00000000a6c00000|100%|HC|  |TAMS 0x00000000a6b00000, 0x00000000a6b00000| Complete 
| 620|0x00000000a6c00000, 0x00000000a6d00000, 0x00000000a6d00000|100%|HS|  |TAMS 0x00000000a6c00000, 0x00000000a6c00000| Complete 
| 621|0x00000000a6d00000, 0x00000000a6e00000, 0x00000000a6e00000|100%|HS|  |TAMS 0x00000000a6d00000, 0x00000000a6d00000| Complete 
| 622|0x00000000a6e00000, 0x00000000a6f00000, 0x00000000a6f00000|100%|HS|  |TAMS 0x00000000a6e00000, 0x00000000a6e00000| Complete 
| 623|0x00000000a6f00000, 0x00000000a7000000, 0x00000000a7000000|100%|HS|  |TAMS 0x00000000a6f00000, 0x00000000a6f00000| Complete 
| 624|0x00000000a7000000, 0x00000000a7100000, 0x00000000a7100000|100%|HS|  |TAMS 0x00000000a7000000, 0x00000000a7000000| Complete 
| 625|0x00000000a7100000, 0x00000000a7200000, 0x00000000a7200000|100%|HC|  |TAMS 0x00000000a7100000, 0x00000000a7100000| Complete 
| 626|0x00000000a7200000, 0x00000000a7300000, 0x00000000a7300000|100%| O|  |TAMS 0x00000000a7200000, 0x00000000a7200000| Untracked 
| 627|0x00000000a7300000, 0x00000000a7400000, 0x00000000a7400000|100%| O|  |TAMS 0x00000000a7300000, 0x00000000a7300000| Untracked 
| 628|0x00000000a7400000, 0x00000000a7500000, 0x00000000a7500000|100%| O|  |TAMS 0x00000000a7400000, 0x00000000a7400000| Untracked 
| 629|0x00000000a7500000, 0x00000000a7600000, 0x00000000a7600000|100%| O|  |TAMS 0x00000000a7500000, 0x00000000a7500000| Untracked 
| 630|0x00000000a7600000, 0x00000000a7700000, 0x00000000a7700000|100%| O|  |TAMS 0x00000000a7600000, 0x00000000a7600000| Untracked 
| 631|0x00000000a7700000, 0x00000000a7800000, 0x00000000a7800000|100%| O|  |TAMS 0x00000000a7700000, 0x00000000a7700000| Untracked 
| 632|0x00000000a7800000, 0x00000000a7900000, 0x00000000a7900000|100%| O|  |TAMS 0x00000000a7800000, 0x00000000a7800000| Untracked 
| 633|0x00000000a7900000, 0x00000000a7a00000, 0x00000000a7a00000|100%| O|  |TAMS 0x00000000a7900000, 0x00000000a7900000| Untracked 
| 634|0x00000000a7a00000, 0x00000000a7b00000, 0x00000000a7b00000|100%| O|  |TAMS 0x00000000a7a00000, 0x00000000a7a00000| Untracked 
| 635|0x00000000a7b00000, 0x00000000a7c00000, 0x00000000a7c00000|100%| O|  |TAMS 0x00000000a7b00000, 0x00000000a7b00000| Untracked 
| 636|0x00000000a7c00000, 0x00000000a7d00000, 0x00000000a7d00000|100%| O|  |TAMS 0x00000000a7c00000, 0x00000000a7c00000| Untracked 
| 637|0x00000000a7d00000, 0x00000000a7e00000, 0x00000000a7e00000|100%| O|  |TAMS 0x00000000a7d00000, 0x00000000a7d00000| Untracked 
| 638|0x00000000a7e00000, 0x00000000a7f00000, 0x00000000a7f00000|100%| O|  |TAMS 0x00000000a7e00000, 0x00000000a7e00000| Untracked 
| 639|0x00000000a7f00000, 0x00000000a8000000, 0x00000000a8000000|100%| O|  |TAMS 0x00000000a7f00000, 0x00000000a7f00000| Untracked 
| 640|0x00000000a8000000, 0x00000000a8100000, 0x00000000a8100000|100%| O|  |TAMS 0x00000000a8000000, 0x00000000a8000000| Untracked 
| 641|0x00000000a8100000, 0x00000000a8200000, 0x00000000a8200000|100%| O|  |TAMS 0x00000000a8100000, 0x00000000a8100000| Untracked 
| 642|0x00000000a8200000, 0x00000000a8300000, 0x00000000a8300000|100%| O|  |TAMS 0x00000000a8200000, 0x00000000a8200000| Untracked 
| 643|0x00000000a8300000, 0x00000000a8400000, 0x00000000a8400000|100%|HS|  |TAMS 0x00000000a8300000, 0x00000000a8300000| Complete 
| 644|0x00000000a8400000, 0x00000000a8500000, 0x00000000a8500000|100%|HS|  |TAMS 0x00000000a8400000, 0x00000000a8400000| Complete 
| 645|0x00000000a8500000, 0x00000000a8600000, 0x00000000a8600000|100%|HS|  |TAMS 0x00000000a8500000, 0x00000000a8500000| Complete 
| 646|0x00000000a8600000, 0x00000000a8700000, 0x00000000a8700000|100%|HS|  |TAMS 0x00000000a8600000, 0x00000000a8600000| Complete 
| 647|0x00000000a8700000, 0x00000000a8800000, 0x00000000a8800000|100%|HC|  |TAMS 0x00000000a8700000, 0x00000000a8700000| Complete 
| 648|0x00000000a8800000, 0x00000000a8900000, 0x00000000a8900000|100%| O|  |TAMS 0x00000000a8800000, 0x00000000a8800000| Untracked 
| 649|0x00000000a8900000, 0x00000000a8a00000, 0x00000000a8a00000|100%|HS|  |TAMS 0x00000000a8900000, 0x00000000a8900000| Complete 
| 650|0x00000000a8a00000, 0x00000000a8b00000, 0x00000000a8b00000|100%|HS|  |TAMS 0x00000000a8a00000, 0x00000000a8a00000| Complete 
| 651|0x00000000a8b00000, 0x00000000a8c00000, 0x00000000a8c00000|100%|HS|  |TAMS 0x00000000a8b00000, 0x00000000a8b00000| Complete 
| 652|0x00000000a8c00000, 0x00000000a8d00000, 0x00000000a8d00000|100%|HC|  |TAMS 0x00000000a8c00000, 0x00000000a8c00000| Complete 
| 653|0x00000000a8d00000, 0x00000000a8e00000, 0x00000000a8e00000|100%|HS|  |TAMS 0x00000000a8d00000, 0x00000000a8d00000| Complete 
| 654|0x00000000a8e00000, 0x00000000a8f00000, 0x00000000a8f00000|100%|HC|  |TAMS 0x00000000a8e00000, 0x00000000a8e00000| Complete 
| 655|0x00000000a8f00000, 0x00000000a9000000, 0x00000000a9000000|100%| O|  |TAMS 0x00000000a8f00000, 0x00000000a8f00000| Untracked 
| 656|0x00000000a9000000, 0x00000000a9000000, 0x00000000a9100000|  0%| F|  |TAMS 0x00000000a9000000, 0x00000000a9000000| Untracked 
| 657|0x00000000a9100000, 0x00000000a9200000, 0x00000000a9200000|100%| O|  |TAMS 0x00000000a9100000, 0x00000000a9100000| Untracked 
| 658|0x00000000a9200000, 0x00000000a92f1a00, 0x00000000a9300000| 94%| O|  |TAMS 0x00000000a9200000, 0x00000000a9200000| Untracked 
| 659|0x00000000a9300000, 0x00000000a9300000, 0x00000000a9400000|  0%| F|  |TAMS 0x00000000a9300000, 0x00000000a9300000| Untracked 
| 660|0x00000000a9400000, 0x00000000a9400000, 0x00000000a9500000|  0%| F|  |TAMS 0x00000000a9400000, 0x00000000a9400000| Untracked 
| 661|0x00000000a9500000, 0x00000000a9500000, 0x00000000a9600000|  0%| F|  |TAMS 0x00000000a9500000, 0x00000000a9500000| Untracked 
| 662|0x00000000a9600000, 0x00000000a9700000, 0x00000000a9700000|100%|HS|  |TAMS 0x00000000a9600000, 0x00000000a9600000| Complete 
| 663|0x00000000a9700000, 0x00000000a9800000, 0x00000000a9800000|100%| O|  |TAMS 0x00000000a9700000, 0x00000000a9700000| Untracked 
| 664|0x00000000a9800000, 0x00000000a9900000, 0x00000000a9900000|100%| O|  |TAMS 0x00000000a9800000, 0x00000000a9800000| Untracked 
| 665|0x00000000a9900000, 0x00000000a9a00000, 0x00000000a9a00000|100%| O|  |TAMS 0x00000000a9900000, 0x00000000a9900000| Untracked 
| 666|0x00000000a9a00000, 0x00000000a9b00000, 0x00000000a9b00000|100%| O|  |TAMS 0x00000000a9a00000, 0x00000000a9a00000| Untracked 
| 667|0x00000000a9b00000, 0x00000000a9c00000, 0x00000000a9c00000|100%| O|  |TAMS 0x00000000a9b00000, 0x00000000a9b00000| Untracked 
| 668|0x00000000a9c00000, 0x00000000a9d00000, 0x00000000a9d00000|100%| O|  |TAMS 0x00000000a9c00000, 0x00000000a9c00000| Untracked 
| 669|0x00000000a9d00000, 0x00000000a9e00000, 0x00000000a9e00000|100%| O|  |TAMS 0x00000000a9d00000, 0x00000000a9d00000| Untracked 
| 670|0x00000000a9e00000, 0x00000000a9f00000, 0x00000000a9f00000|100%| O|  |TAMS 0x00000000a9e00000, 0x00000000a9e00000| Untracked 
| 671|0x00000000a9f00000, 0x00000000a9f00000, 0x00000000aa000000|  0%| F|  |TAMS 0x00000000a9f00000, 0x00000000a9f00000| Untracked 
| 672|0x00000000aa000000, 0x00000000aa000000, 0x00000000aa100000|  0%| F|  |TAMS 0x00000000aa000000, 0x00000000aa000000| Untracked 
| 673|0x00000000aa100000, 0x00000000aa100000, 0x00000000aa200000|  0%| F|  |TAMS 0x00000000aa100000, 0x00000000aa100000| Untracked 
| 674|0x00000000aa200000, 0x00000000aa200000, 0x00000000aa300000|  0%| F|  |TAMS 0x00000000aa200000, 0x00000000aa200000| Untracked 
| 675|0x00000000aa300000, 0x00000000aa300000, 0x00000000aa400000|  0%| F|  |TAMS 0x00000000aa300000, 0x00000000aa300000| Untracked 
| 676|0x00000000aa400000, 0x00000000aa400000, 0x00000000aa500000|  0%| F|  |TAMS 0x00000000aa400000, 0x00000000aa400000| Untracked 
| 677|0x00000000aa500000, 0x00000000aa500000, 0x00000000aa600000|  0%| F|  |TAMS 0x00000000aa500000, 0x00000000aa500000| Untracked 
| 678|0x00000000aa600000, 0x00000000aa600000, 0x00000000aa700000|  0%| F|  |TAMS 0x00000000aa600000, 0x00000000aa600000| Untracked 
| 679|0x00000000aa700000, 0x00000000aa700000, 0x00000000aa800000|  0%| F|  |TAMS 0x00000000aa700000, 0x00000000aa700000| Untracked 
| 680|0x00000000aa800000, 0x00000000aa800000, 0x00000000aa900000|  0%| F|  |TAMS 0x00000000aa800000, 0x00000000aa800000| Untracked 
| 681|0x00000000aa900000, 0x00000000aa900000, 0x00000000aaa00000|  0%| F|  |TAMS 0x00000000aa900000, 0x00000000aa900000| Untracked 
| 682|0x00000000aaa00000, 0x00000000aaa00000, 0x00000000aab00000|  0%| F|  |TAMS 0x00000000aaa00000, 0x00000000aaa00000| Untracked 
| 683|0x00000000aab00000, 0x00000000aab00000, 0x00000000aac00000|  0%| F|  |TAMS 0x00000000aab00000, 0x00000000aab00000| Untracked 
| 684|0x00000000aac00000, 0x00000000aad00000, 0x00000000aad00000|100%| O|  |TAMS 0x00000000aac00000, 0x00000000aac00000| Untracked 
| 685|0x00000000aad00000, 0x00000000aae00000, 0x00000000aae00000|100%| O|  |TAMS 0x00000000aad00000, 0x00000000aad00000| Untracked 
| 686|0x00000000aae00000, 0x00000000aaf00000, 0x00000000aaf00000|100%| O|  |TAMS 0x00000000aae00000, 0x00000000aae00000| Untracked 
| 687|0x00000000aaf00000, 0x00000000ab000000, 0x00000000ab000000|100%| O|  |TAMS 0x00000000aaf00000, 0x00000000aaf00000| Untracked 
| 688|0x00000000ab000000, 0x00000000ab100000, 0x00000000ab100000|100%| O|  |TAMS 0x00000000ab000000, 0x00000000ab000000| Untracked 
| 689|0x00000000ab100000, 0x00000000ab200000, 0x00000000ab200000|100%| O|  |TAMS 0x00000000ab100000, 0x00000000ab100000| Untracked 
| 690|0x00000000ab200000, 0x00000000ab300000, 0x00000000ab300000|100%| O|  |TAMS 0x00000000ab200000, 0x00000000ab200000| Untracked 
| 691|0x00000000ab300000, 0x00000000ab400000, 0x00000000ab400000|100%| O|  |TAMS 0x00000000ab300000, 0x00000000ab300000| Untracked 
| 692|0x00000000ab400000, 0x00000000ab500000, 0x00000000ab500000|100%| O|  |TAMS 0x00000000ab400000, 0x00000000ab400000| Untracked 
| 693|0x00000000ab500000, 0x00000000ab600000, 0x00000000ab600000|100%| O|  |TAMS 0x00000000ab500000, 0x00000000ab500000| Untracked 
| 694|0x00000000ab600000, 0x00000000ab700000, 0x00000000ab700000|100%| O|  |TAMS 0x00000000ab600000, 0x00000000ab600000| Untracked 
| 695|0x00000000ab700000, 0x00000000ab800000, 0x00000000ab800000|100%| O|  |TAMS 0x00000000ab700000, 0x00000000ab700000| Untracked 
| 696|0x00000000ab800000, 0x00000000ab900000, 0x00000000ab900000|100%| O|  |TAMS 0x00000000ab800000, 0x00000000ab800000| Untracked 
| 697|0x00000000ab900000, 0x00000000aba00000, 0x00000000aba00000|100%| O|  |TAMS 0x00000000ab900000, 0x00000000ab900000| Untracked 
| 698|0x00000000aba00000, 0x00000000aba00000, 0x00000000abb00000|  0%| F|  |TAMS 0x00000000aba00000, 0x00000000aba00000| Untracked 
| 699|0x00000000abb00000, 0x00000000abb00000, 0x00000000abc00000|  0%| F|  |TAMS 0x00000000abb00000, 0x00000000abb00000| Untracked 
| 700|0x00000000abc00000, 0x00000000abc00000, 0x00000000abd00000|  0%| F|  |TAMS 0x00000000abc00000, 0x00000000abc00000| Untracked 
| 701|0x00000000abd00000, 0x00000000abd00000, 0x00000000abe00000|  0%| F|  |TAMS 0x00000000abd00000, 0x00000000abd00000| Untracked 
| 702|0x00000000abe00000, 0x00000000abe00000, 0x00000000abf00000|  0%| F|  |TAMS 0x00000000abe00000, 0x00000000abe00000| Untracked 
| 703|0x00000000abf00000, 0x00000000abf00000, 0x00000000ac000000|  0%| F|  |TAMS 0x00000000abf00000, 0x00000000abf00000| Untracked 
| 704|0x00000000ac000000, 0x00000000ac000000, 0x00000000ac100000|  0%| F|  |TAMS 0x00000000ac000000, 0x00000000ac000000| Untracked 
| 705|0x00000000ac100000, 0x00000000ac100000, 0x00000000ac200000|  0%| F|  |TAMS 0x00000000ac100000, 0x00000000ac100000| Untracked 
| 706|0x00000000ac200000, 0x00000000ac200000, 0x00000000ac300000|  0%| F|  |TAMS 0x00000000ac200000, 0x00000000ac200000| Untracked 
| 707|0x00000000ac300000, 0x00000000ac300000, 0x00000000ac400000|  0%| F|  |TAMS 0x00000000ac300000, 0x00000000ac300000| Untracked 
| 708|0x00000000ac400000, 0x00000000ac400000, 0x00000000ac500000|  0%| F|  |TAMS 0x00000000ac400000, 0x00000000ac400000| Untracked 
| 709|0x00000000ac500000, 0x00000000ac500000, 0x00000000ac600000|  0%| F|  |TAMS 0x00000000ac500000, 0x00000000ac500000| Untracked 
| 710|0x00000000ac600000, 0x00000000ac600000, 0x00000000ac700000|  0%| F|  |TAMS 0x00000000ac600000, 0x00000000ac600000| Untracked 
| 711|0x00000000ac700000, 0x00000000ac700000, 0x00000000ac800000|  0%| F|  |TAMS 0x00000000ac700000, 0x00000000ac700000| Untracked 
| 712|0x00000000ac800000, 0x00000000ac800000, 0x00000000ac900000|  0%| F|  |TAMS 0x00000000ac800000, 0x00000000ac800000| Untracked 
| 713|0x00000000ac900000, 0x00000000ac900000, 0x00000000aca00000|  0%| F|  |TAMS 0x00000000ac900000, 0x00000000ac900000| Untracked 
| 714|0x00000000aca00000, 0x00000000aca00000, 0x00000000acb00000|  0%| F|  |TAMS 0x00000000aca00000, 0x00000000aca00000| Untracked 
| 715|0x00000000acb00000, 0x00000000acb00000, 0x00000000acc00000|  0%| F|  |TAMS 0x00000000acb00000, 0x00000000acb00000| Untracked 
| 716|0x00000000acc00000, 0x00000000acc00000, 0x00000000acd00000|  0%| F|  |TAMS 0x00000000acc00000, 0x00000000acc00000| Untracked 
| 717|0x00000000acd00000, 0x00000000acd00000, 0x00000000ace00000|  0%| F|  |TAMS 0x00000000acd00000, 0x00000000acd00000| Untracked 
| 718|0x00000000ace00000, 0x00000000ace00000, 0x00000000acf00000|  0%| F|  |TAMS 0x00000000ace00000, 0x00000000ace00000| Untracked 
| 719|0x00000000acf00000, 0x00000000acf00000, 0x00000000ad000000|  0%| F|  |TAMS 0x00000000acf00000, 0x00000000acf00000| Untracked 
| 720|0x00000000ad000000, 0x00000000ad000000, 0x00000000ad100000|  0%| F|  |TAMS 0x00000000ad000000, 0x00000000ad000000| Untracked 
| 721|0x00000000ad100000, 0x00000000ad100000, 0x00000000ad200000|  0%| F|  |TAMS 0x00000000ad100000, 0x00000000ad100000| Untracked 
| 722|0x00000000ad200000, 0x00000000ad200000, 0x00000000ad300000|  0%| F|  |TAMS 0x00000000ad200000, 0x00000000ad200000| Untracked 
| 723|0x00000000ad300000, 0x00000000ad300000, 0x00000000ad400000|  0%| F|  |TAMS 0x00000000ad300000, 0x00000000ad300000| Untracked 
| 724|0x00000000ad400000, 0x00000000ad400000, 0x00000000ad500000|  0%| F|  |TAMS 0x00000000ad400000, 0x00000000ad400000| Untracked 
| 725|0x00000000ad500000, 0x00000000ad500000, 0x00000000ad600000|  0%| F|  |TAMS 0x00000000ad500000, 0x00000000ad500000| Untracked 
| 726|0x00000000ad600000, 0x00000000ad600000, 0x00000000ad700000|  0%| F|  |TAMS 0x00000000ad600000, 0x00000000ad600000| Untracked 
| 727|0x00000000ad700000, 0x00000000ad700000, 0x00000000ad800000|  0%| F|  |TAMS 0x00000000ad700000, 0x00000000ad700000| Untracked 
| 728|0x00000000ad800000, 0x00000000ad800000, 0x00000000ad900000|  0%| F|  |TAMS 0x00000000ad800000, 0x00000000ad800000| Untracked 
| 729|0x00000000ad900000, 0x00000000ad900000, 0x00000000ada00000|  0%| F|  |TAMS 0x00000000ad900000, 0x00000000ad900000| Untracked 
| 730|0x00000000ada00000, 0x00000000ada00000, 0x00000000adb00000|  0%| F|  |TAMS 0x00000000ada00000, 0x00000000ada00000| Untracked 
| 731|0x00000000adb00000, 0x00000000adb00000, 0x00000000adc00000|  0%| F|  |TAMS 0x00000000adb00000, 0x00000000adb00000| Untracked 
| 732|0x00000000adc00000, 0x00000000adc00000, 0x00000000add00000|  0%| F|  |TAMS 0x00000000adc00000, 0x00000000adc00000| Untracked 
| 733|0x00000000add00000, 0x00000000add00000, 0x00000000ade00000|  0%| F|  |TAMS 0x00000000add00000, 0x00000000add00000| Untracked 
| 734|0x00000000ade00000, 0x00000000ade00000, 0x00000000adf00000|  0%| F|  |TAMS 0x00000000ade00000, 0x00000000ade00000| Untracked 
| 735|0x00000000adf00000, 0x00000000adf00000, 0x00000000ae000000|  0%| F|  |TAMS 0x00000000adf00000, 0x00000000adf00000| Untracked 
| 736|0x00000000ae000000, 0x00000000ae000000, 0x00000000ae100000|  0%| F|  |TAMS 0x00000000ae000000, 0x00000000ae000000| Untracked 
| 737|0x00000000ae100000, 0x00000000ae100000, 0x00000000ae200000|  0%| F|  |TAMS 0x00000000ae100000, 0x00000000ae100000| Untracked 
| 738|0x00000000ae200000, 0x00000000ae200000, 0x00000000ae300000|  0%| F|  |TAMS 0x00000000ae200000, 0x00000000ae200000| Untracked 
| 739|0x00000000ae300000, 0x00000000ae300000, 0x00000000ae400000|  0%| F|  |TAMS 0x00000000ae300000, 0x00000000ae300000| Untracked 
| 740|0x00000000ae400000, 0x00000000ae400000, 0x00000000ae500000|  0%| F|  |TAMS 0x00000000ae400000, 0x00000000ae400000| Untracked 
| 741|0x00000000ae500000, 0x00000000ae500000, 0x00000000ae600000|  0%| F|  |TAMS 0x00000000ae500000, 0x00000000ae500000| Untracked 
| 742|0x00000000ae600000, 0x00000000ae600000, 0x00000000ae700000|  0%| F|  |TAMS 0x00000000ae600000, 0x00000000ae600000| Untracked 
| 743|0x00000000ae700000, 0x00000000ae700000, 0x00000000ae800000|  0%| F|  |TAMS 0x00000000ae700000, 0x00000000ae700000| Untracked 
| 744|0x00000000ae800000, 0x00000000ae800000, 0x00000000ae900000|  0%| F|  |TAMS 0x00000000ae800000, 0x00000000ae800000| Untracked 
| 745|0x00000000ae900000, 0x00000000ae900000, 0x00000000aea00000|  0%| F|  |TAMS 0x00000000ae900000, 0x00000000ae900000| Untracked 
| 746|0x00000000aea00000, 0x00000000aea00000, 0x00000000aeb00000|  0%| F|  |TAMS 0x00000000aea00000, 0x00000000aea00000| Untracked 
| 747|0x00000000aeb00000, 0x00000000aeb00000, 0x00000000aec00000|  0%| F|  |TAMS 0x00000000aeb00000, 0x00000000aeb00000| Untracked 
| 748|0x00000000aec00000, 0x00000000aec00000, 0x00000000aed00000|  0%| F|  |TAMS 0x00000000aec00000, 0x00000000aec00000| Untracked 
| 749|0x00000000aed00000, 0x00000000aed00000, 0x00000000aee00000|  0%| F|  |TAMS 0x00000000aed00000, 0x00000000aed00000| Untracked 
| 750|0x00000000aee00000, 0x00000000aee00000, 0x00000000aef00000|  0%| F|  |TAMS 0x00000000aee00000, 0x00000000aee00000| Untracked 
| 751|0x00000000aef00000, 0x00000000aef00000, 0x00000000af000000|  0%| F|  |TAMS 0x00000000aef00000, 0x00000000aef00000| Untracked 
| 752|0x00000000af000000, 0x00000000af000000, 0x00000000af100000|  0%| F|  |TAMS 0x00000000af000000, 0x00000000af000000| Untracked 
| 753|0x00000000af100000, 0x00000000af100000, 0x00000000af200000|  0%| F|  |TAMS 0x00000000af100000, 0x00000000af100000| Untracked 
| 754|0x00000000af200000, 0x00000000af200000, 0x00000000af300000|  0%| F|  |TAMS 0x00000000af200000, 0x00000000af200000| Untracked 
| 755|0x00000000af300000, 0x00000000af300000, 0x00000000af400000|  0%| F|  |TAMS 0x00000000af300000, 0x00000000af300000| Untracked 
| 756|0x00000000af400000, 0x00000000af400000, 0x00000000af500000|  0%| F|  |TAMS 0x00000000af400000, 0x00000000af400000| Untracked 
| 757|0x00000000af500000, 0x00000000af500000, 0x00000000af600000|  0%| F|  |TAMS 0x00000000af500000, 0x00000000af500000| Untracked 
| 758|0x00000000af600000, 0x00000000af600000, 0x00000000af700000|  0%| F|  |TAMS 0x00000000af600000, 0x00000000af600000| Untracked 
| 759|0x00000000af700000, 0x00000000af700000, 0x00000000af800000|  0%| F|  |TAMS 0x00000000af700000, 0x00000000af700000| Untracked 
| 760|0x00000000af800000, 0x00000000af800000, 0x00000000af900000|  0%| F|  |TAMS 0x00000000af800000, 0x00000000af800000| Untracked 
| 761|0x00000000af900000, 0x00000000af900000, 0x00000000afa00000|  0%| F|  |TAMS 0x00000000af900000, 0x00000000af900000| Untracked 
| 762|0x00000000afa00000, 0x00000000afa00000, 0x00000000afb00000|  0%| F|  |TAMS 0x00000000afa00000, 0x00000000afa00000| Untracked 
| 763|0x00000000afb00000, 0x00000000afb00000, 0x00000000afc00000|  0%| F|  |TAMS 0x00000000afb00000, 0x00000000afb00000| Untracked 
| 764|0x00000000afc00000, 0x00000000afc00000, 0x00000000afd00000|  0%| F|  |TAMS 0x00000000afc00000, 0x00000000afc00000| Untracked 
| 765|0x00000000afd00000, 0x00000000afd00000, 0x00000000afe00000|  0%| F|  |TAMS 0x00000000afd00000, 0x00000000afd00000| Untracked 
| 766|0x00000000afe00000, 0x00000000afe00000, 0x00000000aff00000|  0%| F|  |TAMS 0x00000000afe00000, 0x00000000afe00000| Untracked 
| 767|0x00000000aff00000, 0x00000000aff00000, 0x00000000b0000000|  0%| F|  |TAMS 0x00000000aff00000, 0x00000000aff00000| Untracked 
| 768|0x00000000b0000000, 0x00000000b0000000, 0x00000000b0100000|  0%| F|  |TAMS 0x00000000b0000000, 0x00000000b0000000| Untracked 
| 769|0x00000000b0100000, 0x00000000b0100000, 0x00000000b0200000|  0%| F|  |TAMS 0x00000000b0100000, 0x00000000b0100000| Untracked 
| 770|0x00000000b0200000, 0x00000000b0200000, 0x00000000b0300000|  0%| F|  |TAMS 0x00000000b0200000, 0x00000000b0200000| Untracked 
| 771|0x00000000b0300000, 0x00000000b0300000, 0x00000000b0400000|  0%| F|  |TAMS 0x00000000b0300000, 0x00000000b0300000| Untracked 
| 772|0x00000000b0400000, 0x00000000b0400000, 0x00000000b0500000|  0%| F|  |TAMS 0x00000000b0400000, 0x00000000b0400000| Untracked 
| 773|0x00000000b0500000, 0x00000000b0500000, 0x00000000b0600000|  0%| F|  |TAMS 0x00000000b0500000, 0x00000000b0500000| Untracked 
| 774|0x00000000b0600000, 0x00000000b0600000, 0x00000000b0700000|  0%| F|  |TAMS 0x00000000b0600000, 0x00000000b0600000| Untracked 
| 775|0x00000000b0700000, 0x00000000b0700000, 0x00000000b0800000|  0%| F|  |TAMS 0x00000000b0700000, 0x00000000b0700000| Untracked 
| 776|0x00000000b0800000, 0x00000000b0800000, 0x00000000b0900000|  0%| F|  |TAMS 0x00000000b0800000, 0x00000000b0800000| Untracked 
| 777|0x00000000b0900000, 0x00000000b0900000, 0x00000000b0a00000|  0%| F|  |TAMS 0x00000000b0900000, 0x00000000b0900000| Untracked 
| 778|0x00000000b0a00000, 0x00000000b0ad8dc8, 0x00000000b0b00000| 84%| S|CS|TAMS 0x00000000b0a00000, 0x00000000b0a00000| Complete 
| 779|0x00000000b0b00000, 0x00000000b0c00000, 0x00000000b0c00000|100%| S|CS|TAMS 0x00000000b0b00000, 0x00000000b0b00000| Complete 
| 780|0x00000000b0c00000, 0x00000000b0c00000, 0x00000000b0d00000|  0%| F|  |TAMS 0x00000000b0c00000, 0x00000000b0c00000| Untracked 
| 781|0x00000000b0d00000, 0x00000000b0e00000, 0x00000000b0e00000|100%| S|CS|TAMS 0x00000000b0d00000, 0x00000000b0d00000| Complete 
| 782|0x00000000b0e00000, 0x00000000b0f00000, 0x00000000b0f00000|100%| S|CS|TAMS 0x00000000b0e00000, 0x00000000b0e00000| Complete 
| 783|0x00000000b0f00000, 0x00000000b1000000, 0x00000000b1000000|100%| S|CS|TAMS 0x00000000b0f00000, 0x00000000b0f00000| Complete 
| 784|0x00000000b1000000, 0x00000000b1100000, 0x00000000b1100000|100%| S|CS|TAMS 0x00000000b1000000, 0x00000000b1000000| Complete 
| 785|0x00000000b1100000, 0x00000000b1100000, 0x00000000b1200000|  0%| F|  |TAMS 0x00000000b1100000, 0x00000000b1100000| Untracked 
| 786|0x00000000b1200000, 0x00000000b1200000, 0x00000000b1300000|  0%| F|  |TAMS 0x00000000b1200000, 0x00000000b1200000| Untracked 
| 787|0x00000000b1300000, 0x00000000b1300000, 0x00000000b1400000|  0%| F|  |TAMS 0x00000000b1300000, 0x00000000b1300000| Untracked 
| 788|0x00000000b1400000, 0x00000000b1400000, 0x00000000b1500000|  0%| F|  |TAMS 0x00000000b1400000, 0x00000000b1400000| Untracked 
| 789|0x00000000b1500000, 0x00000000b1600000, 0x00000000b1600000|100%| S|CS|TAMS 0x00000000b1500000, 0x00000000b1500000| Complete 
| 790|0x00000000b1600000, 0x00000000b1600000, 0x00000000b1700000|  0%| F|  |TAMS 0x00000000b1600000, 0x00000000b1600000| Untracked 
| 791|0x00000000b1700000, 0x00000000b1700000, 0x00000000b1800000|  0%| F|  |TAMS 0x00000000b1700000, 0x00000000b1700000| Untracked 
| 792|0x00000000b1800000, 0x00000000b1800000, 0x00000000b1900000|  0%| F|  |TAMS 0x00000000b1800000, 0x00000000b1800000| Untracked 
| 793|0x00000000b1900000, 0x00000000b1900000, 0x00000000b1a00000|  0%| F|  |TAMS 0x00000000b1900000, 0x00000000b1900000| Untracked 
| 794|0x00000000b1a00000, 0x00000000b1a00000, 0x00000000b1b00000|  0%| F|  |TAMS 0x00000000b1a00000, 0x00000000b1a00000| Untracked 
| 795|0x00000000b1b00000, 0x00000000b1b00000, 0x00000000b1c00000|  0%| F|  |TAMS 0x00000000b1b00000, 0x00000000b1b00000| Untracked 
| 796|0x00000000b1c00000, 0x00000000b1c00000, 0x00000000b1d00000|  0%| F|  |TAMS 0x00000000b1c00000, 0x00000000b1c00000| Untracked 
| 797|0x00000000b1d00000, 0x00000000b1d00000, 0x00000000b1e00000|  0%| F|  |TAMS 0x00000000b1d00000, 0x00000000b1d00000| Untracked 
| 798|0x00000000b1e00000, 0x00000000b1e00000, 0x00000000b1f00000|  0%| F|  |TAMS 0x00000000b1e00000, 0x00000000b1e00000| Untracked 
| 799|0x00000000b1f00000, 0x00000000b1f00000, 0x00000000b2000000|  0%| F|  |TAMS 0x00000000b1f00000, 0x00000000b1f00000| Untracked 
| 800|0x00000000b2000000, 0x00000000b2000000, 0x00000000b2100000|  0%| F|  |TAMS 0x00000000b2000000, 0x00000000b2000000| Untracked 
| 801|0x00000000b2100000, 0x00000000b2100000, 0x00000000b2200000|  0%| F|  |TAMS 0x00000000b2100000, 0x00000000b2100000| Untracked 
| 802|0x00000000b2200000, 0x00000000b2200000, 0x00000000b2300000|  0%| F|  |TAMS 0x00000000b2200000, 0x00000000b2200000| Untracked 
| 803|0x00000000b2300000, 0x00000000b2300000, 0x00000000b2400000|  0%| F|  |TAMS 0x00000000b2300000, 0x00000000b2300000| Untracked 
| 804|0x00000000b2400000, 0x00000000b2400000, 0x00000000b2500000|  0%| F|  |TAMS 0x00000000b2400000, 0x00000000b2400000| Untracked 
| 805|0x00000000b2500000, 0x00000000b2500000, 0x00000000b2600000|  0%| F|  |TAMS 0x00000000b2500000, 0x00000000b2500000| Untracked 
| 806|0x00000000b2600000, 0x00000000b2600000, 0x00000000b2700000|  0%| F|  |TAMS 0x00000000b2600000, 0x00000000b2600000| Untracked 
| 807|0x00000000b2700000, 0x00000000b2700000, 0x00000000b2800000|  0%| F|  |TAMS 0x00000000b2700000, 0x00000000b2700000| Untracked 
| 808|0x00000000b2800000, 0x00000000b2800000, 0x00000000b2900000|  0%| F|  |TAMS 0x00000000b2800000, 0x00000000b2800000| Untracked 
| 809|0x00000000b2900000, 0x00000000b2900000, 0x00000000b2a00000|  0%| F|  |TAMS 0x00000000b2900000, 0x00000000b2900000| Untracked 
| 810|0x00000000b2a00000, 0x00000000b2a00000, 0x00000000b2b00000|  0%| F|  |TAMS 0x00000000b2a00000, 0x00000000b2a00000| Untracked 
| 811|0x00000000b2b00000, 0x00000000b2b00000, 0x00000000b2c00000|  0%| F|  |TAMS 0x00000000b2b00000, 0x00000000b2b00000| Untracked 
| 812|0x00000000b2c00000, 0x00000000b2c00000, 0x00000000b2d00000|  0%| F|  |TAMS 0x00000000b2c00000, 0x00000000b2c00000| Untracked 
| 813|0x00000000b2d00000, 0x00000000b2d00000, 0x00000000b2e00000|  0%| F|  |TAMS 0x00000000b2d00000, 0x00000000b2d00000| Untracked 
| 814|0x00000000b2e00000, 0x00000000b2e00000, 0x00000000b2f00000|  0%| F|  |TAMS 0x00000000b2e00000, 0x00000000b2e00000| Untracked 
| 815|0x00000000b2f00000, 0x00000000b2f00000, 0x00000000b3000000|  0%| F|  |TAMS 0x00000000b2f00000, 0x00000000b2f00000| Untracked 
| 816|0x00000000b3000000, 0x00000000b3000000, 0x00000000b3100000|  0%| F|  |TAMS 0x00000000b3000000, 0x00000000b3000000| Untracked 
| 817|0x00000000b3100000, 0x00000000b3100000, 0x00000000b3200000|  0%| F|  |TAMS 0x00000000b3100000, 0x00000000b3100000| Untracked 
| 818|0x00000000b3200000, 0x00000000b3200000, 0x00000000b3300000|  0%| F|  |TAMS 0x00000000b3200000, 0x00000000b3200000| Untracked 
| 819|0x00000000b3300000, 0x00000000b3300000, 0x00000000b3400000|  0%| F|  |TAMS 0x00000000b3300000, 0x00000000b3300000| Untracked 
| 820|0x00000000b3400000, 0x00000000b3400000, 0x00000000b3500000|  0%| F|  |TAMS 0x00000000b3400000, 0x00000000b3400000| Untracked 
| 821|0x00000000b3500000, 0x00000000b3500000, 0x00000000b3600000|  0%| F|  |TAMS 0x00000000b3500000, 0x00000000b3500000| Untracked 
| 822|0x00000000b3600000, 0x00000000b3600000, 0x00000000b3700000|  0%| F|  |TAMS 0x00000000b3600000, 0x00000000b3600000| Untracked 
| 823|0x00000000b3700000, 0x00000000b3700000, 0x00000000b3800000|  0%| F|  |TAMS 0x00000000b3700000, 0x00000000b3700000| Untracked 
| 824|0x00000000b3800000, 0x00000000b3800000, 0x00000000b3900000|  0%| F|  |TAMS 0x00000000b3800000, 0x00000000b3800000| Untracked 
| 825|0x00000000b3900000, 0x00000000b3900000, 0x00000000b3a00000|  0%| F|  |TAMS 0x00000000b3900000, 0x00000000b3900000| Untracked 
| 826|0x00000000b3a00000, 0x00000000b3a00000, 0x00000000b3b00000|  0%| F|  |TAMS 0x00000000b3a00000, 0x00000000b3a00000| Untracked 
| 827|0x00000000b3b00000, 0x00000000b3b00000, 0x00000000b3c00000|  0%| F|  |TAMS 0x00000000b3b00000, 0x00000000b3b00000| Untracked 
| 828|0x00000000b3c00000, 0x00000000b3c00000, 0x00000000b3d00000|  0%| F|  |TAMS 0x00000000b3c00000, 0x00000000b3c00000| Untracked 
| 829|0x00000000b3d00000, 0x00000000b3d00000, 0x00000000b3e00000|  0%| F|  |TAMS 0x00000000b3d00000, 0x00000000b3d00000| Untracked 
| 830|0x00000000b3e00000, 0x00000000b3e00000, 0x00000000b3f00000|  0%| F|  |TAMS 0x00000000b3e00000, 0x00000000b3e00000| Untracked 
| 831|0x00000000b3f00000, 0x00000000b3f00000, 0x00000000b4000000|  0%| F|  |TAMS 0x00000000b3f00000, 0x00000000b3f00000| Untracked 
| 832|0x00000000b4000000, 0x00000000b4000000, 0x00000000b4100000|  0%| F|  |TAMS 0x00000000b4000000, 0x00000000b4000000| Untracked 
| 833|0x00000000b4100000, 0x00000000b4100000, 0x00000000b4200000|  0%| F|  |TAMS 0x00000000b4100000, 0x00000000b4100000| Untracked 
| 834|0x00000000b4200000, 0x00000000b4200000, 0x00000000b4300000|  0%| F|  |TAMS 0x00000000b4200000, 0x00000000b4200000| Untracked 
| 835|0x00000000b4300000, 0x00000000b4300000, 0x00000000b4400000|  0%| F|  |TAMS 0x00000000b4300000, 0x00000000b4300000| Untracked 
| 836|0x00000000b4400000, 0x00000000b4400000, 0x00000000b4500000|  0%| F|  |TAMS 0x00000000b4400000, 0x00000000b4400000| Untracked 
| 837|0x00000000b4500000, 0x00000000b4500000, 0x00000000b4600000|  0%| F|  |TAMS 0x00000000b4500000, 0x00000000b4500000| Untracked 
| 838|0x00000000b4600000, 0x00000000b4600000, 0x00000000b4700000|  0%| F|  |TAMS 0x00000000b4600000, 0x00000000b4600000| Untracked 
| 839|0x00000000b4700000, 0x00000000b4700000, 0x00000000b4800000|  0%| F|  |TAMS 0x00000000b4700000, 0x00000000b4700000| Untracked 
| 840|0x00000000b4800000, 0x00000000b4800000, 0x00000000b4900000|  0%| F|  |TAMS 0x00000000b4800000, 0x00000000b4800000| Untracked 
| 841|0x00000000b4900000, 0x00000000b4900000, 0x00000000b4a00000|  0%| F|  |TAMS 0x00000000b4900000, 0x00000000b4900000| Untracked 
| 842|0x00000000b4a00000, 0x00000000b4a00000, 0x00000000b4b00000|  0%| F|  |TAMS 0x00000000b4a00000, 0x00000000b4a00000| Untracked 
| 843|0x00000000b4b00000, 0x00000000b4b00000, 0x00000000b4c00000|  0%| F|  |TAMS 0x00000000b4b00000, 0x00000000b4b00000| Untracked 
| 844|0x00000000b4c00000, 0x00000000b4c00000, 0x00000000b4d00000|  0%| F|  |TAMS 0x00000000b4c00000, 0x00000000b4c00000| Untracked 
| 845|0x00000000b4d00000, 0x00000000b4d00000, 0x00000000b4e00000|  0%| F|  |TAMS 0x00000000b4d00000, 0x00000000b4d00000| Untracked 
| 846|0x00000000b4e00000, 0x00000000b4e00000, 0x00000000b4f00000|  0%| F|  |TAMS 0x00000000b4e00000, 0x00000000b4e00000| Untracked 
| 847|0x00000000b4f00000, 0x00000000b4f00000, 0x00000000b5000000|  0%| F|  |TAMS 0x00000000b4f00000, 0x00000000b4f00000| Untracked 
| 848|0x00000000b5000000, 0x00000000b5000000, 0x00000000b5100000|  0%| F|  |TAMS 0x00000000b5000000, 0x00000000b5000000| Untracked 
| 849|0x00000000b5100000, 0x00000000b5100000, 0x00000000b5200000|  0%| F|  |TAMS 0x00000000b5100000, 0x00000000b5100000| Untracked 
| 850|0x00000000b5200000, 0x00000000b5200000, 0x00000000b5300000|  0%| F|  |TAMS 0x00000000b5200000, 0x00000000b5200000| Untracked 
| 851|0x00000000b5300000, 0x00000000b5300000, 0x00000000b5400000|  0%| F|  |TAMS 0x00000000b5300000, 0x00000000b5300000| Untracked 
| 852|0x00000000b5400000, 0x00000000b5400000, 0x00000000b5500000|  0%| F|  |TAMS 0x00000000b5400000, 0x00000000b5400000| Untracked 
| 853|0x00000000b5500000, 0x00000000b5500000, 0x00000000b5600000|  0%| F|  |TAMS 0x00000000b5500000, 0x00000000b5500000| Untracked 
| 854|0x00000000b5600000, 0x00000000b5600000, 0x00000000b5700000|  0%| F|  |TAMS 0x00000000b5600000, 0x00000000b5600000| Untracked 
| 855|0x00000000b5700000, 0x00000000b5700000, 0x00000000b5800000|  0%| F|  |TAMS 0x00000000b5700000, 0x00000000b5700000| Untracked 
| 856|0x00000000b5800000, 0x00000000b5800000, 0x00000000b5900000|  0%| F|  |TAMS 0x00000000b5800000, 0x00000000b5800000| Untracked 
| 857|0x00000000b5900000, 0x00000000b5900000, 0x00000000b5a00000|  0%| F|  |TAMS 0x00000000b5900000, 0x00000000b5900000| Untracked 
| 858|0x00000000b5a00000, 0x00000000b5a00000, 0x00000000b5b00000|  0%| F|  |TAMS 0x00000000b5a00000, 0x00000000b5a00000| Untracked 
| 859|0x00000000b5b00000, 0x00000000b5b00000, 0x00000000b5c00000|  0%| F|  |TAMS 0x00000000b5b00000, 0x00000000b5b00000| Untracked 
| 860|0x00000000b5c00000, 0x00000000b5c00000, 0x00000000b5d00000|  0%| F|  |TAMS 0x00000000b5c00000, 0x00000000b5c00000| Untracked 
| 861|0x00000000b5d00000, 0x00000000b5d00000, 0x00000000b5e00000|  0%| F|  |TAMS 0x00000000b5d00000, 0x00000000b5d00000| Untracked 
| 862|0x00000000b5e00000, 0x00000000b5e00000, 0x00000000b5f00000|  0%| F|  |TAMS 0x00000000b5e00000, 0x00000000b5e00000| Untracked 
| 863|0x00000000b5f00000, 0x00000000b5f00000, 0x00000000b6000000|  0%| F|  |TAMS 0x00000000b5f00000, 0x00000000b5f00000| Untracked 
| 864|0x00000000b6000000, 0x00000000b6000000, 0x00000000b6100000|  0%| F|  |TAMS 0x00000000b6000000, 0x00000000b6000000| Untracked 
| 865|0x00000000b6100000, 0x00000000b6100000, 0x00000000b6200000|  0%| F|  |TAMS 0x00000000b6100000, 0x00000000b6100000| Untracked 
| 866|0x00000000b6200000, 0x00000000b6200000, 0x00000000b6300000|  0%| F|  |TAMS 0x00000000b6200000, 0x00000000b6200000| Untracked 
| 867|0x00000000b6300000, 0x00000000b6300000, 0x00000000b6400000|  0%| F|  |TAMS 0x00000000b6300000, 0x00000000b6300000| Untracked 
| 868|0x00000000b6400000, 0x00000000b6400000, 0x00000000b6500000|  0%| F|  |TAMS 0x00000000b6400000, 0x00000000b6400000| Untracked 
| 869|0x00000000b6500000, 0x00000000b6500000, 0x00000000b6600000|  0%| F|  |TAMS 0x00000000b6500000, 0x00000000b6500000| Untracked 
| 870|0x00000000b6600000, 0x00000000b6600000, 0x00000000b6700000|  0%| F|  |TAMS 0x00000000b6600000, 0x00000000b6600000| Untracked 
| 871|0x00000000b6700000, 0x00000000b6700000, 0x00000000b6800000|  0%| F|  |TAMS 0x00000000b6700000, 0x00000000b6700000| Untracked 
| 872|0x00000000b6800000, 0x00000000b6800000, 0x00000000b6900000|  0%| F|  |TAMS 0x00000000b6800000, 0x00000000b6800000| Untracked 
| 873|0x00000000b6900000, 0x00000000b6900000, 0x00000000b6a00000|  0%| F|  |TAMS 0x00000000b6900000, 0x00000000b6900000| Untracked 
| 874|0x00000000b6a00000, 0x00000000b6a00000, 0x00000000b6b00000|  0%| F|  |TAMS 0x00000000b6a00000, 0x00000000b6a00000| Untracked 
| 875|0x00000000b6b00000, 0x00000000b6b00000, 0x00000000b6c00000|  0%| F|  |TAMS 0x00000000b6b00000, 0x00000000b6b00000| Untracked 
| 876|0x00000000b6c00000, 0x00000000b6c00000, 0x00000000b6d00000|  0%| F|  |TAMS 0x00000000b6c00000, 0x00000000b6c00000| Untracked 
| 877|0x00000000b6d00000, 0x00000000b6d00000, 0x00000000b6e00000|  0%| F|  |TAMS 0x00000000b6d00000, 0x00000000b6d00000| Untracked 
| 878|0x00000000b6e00000, 0x00000000b6e00000, 0x00000000b6f00000|  0%| F|  |TAMS 0x00000000b6e00000, 0x00000000b6e00000| Untracked 
| 879|0x00000000b6f00000, 0x00000000b6f00000, 0x00000000b7000000|  0%| F|  |TAMS 0x00000000b6f00000, 0x00000000b6f00000| Untracked 
| 880|0x00000000b7000000, 0x00000000b7000000, 0x00000000b7100000|  0%| F|  |TAMS 0x00000000b7000000, 0x00000000b7000000| Untracked 
| 881|0x00000000b7100000, 0x00000000b7100000, 0x00000000b7200000|  0%| F|  |TAMS 0x00000000b7100000, 0x00000000b7100000| Untracked 
| 882|0x00000000b7200000, 0x00000000b7200000, 0x00000000b7300000|  0%| F|  |TAMS 0x00000000b7200000, 0x00000000b7200000| Untracked 
| 883|0x00000000b7300000, 0x00000000b7300000, 0x00000000b7400000|  0%| F|  |TAMS 0x00000000b7300000, 0x00000000b7300000| Untracked 
| 884|0x00000000b7400000, 0x00000000b7400000, 0x00000000b7500000|  0%| F|  |TAMS 0x00000000b7400000, 0x00000000b7400000| Untracked 
| 885|0x00000000b7500000, 0x00000000b7500000, 0x00000000b7600000|  0%| F|  |TAMS 0x00000000b7500000, 0x00000000b7500000| Untracked 
| 886|0x00000000b7600000, 0x00000000b7600000, 0x00000000b7700000|  0%| F|  |TAMS 0x00000000b7600000, 0x00000000b7600000| Untracked 
| 887|0x00000000b7700000, 0x00000000b7700000, 0x00000000b7800000|  0%| F|  |TAMS 0x00000000b7700000, 0x00000000b7700000| Untracked 
| 888|0x00000000b7800000, 0x00000000b7800000, 0x00000000b7900000|  0%| F|  |TAMS 0x00000000b7800000, 0x00000000b7800000| Untracked 
| 889|0x00000000b7900000, 0x00000000b7900000, 0x00000000b7a00000|  0%| F|  |TAMS 0x00000000b7900000, 0x00000000b7900000| Untracked 
| 890|0x00000000b7a00000, 0x00000000b7a00000, 0x00000000b7b00000|  0%| F|  |TAMS 0x00000000b7a00000, 0x00000000b7a00000| Untracked 
| 891|0x00000000b7b00000, 0x00000000b7b00000, 0x00000000b7c00000|  0%| F|  |TAMS 0x00000000b7b00000, 0x00000000b7b00000| Untracked 
| 892|0x00000000b7c00000, 0x00000000b7c00000, 0x00000000b7d00000|  0%| F|  |TAMS 0x00000000b7c00000, 0x00000000b7c00000| Untracked 
| 893|0x00000000b7d00000, 0x00000000b7d00000, 0x00000000b7e00000|  0%| F|  |TAMS 0x00000000b7d00000, 0x00000000b7d00000| Untracked 
| 894|0x00000000b7e00000, 0x00000000b7e00000, 0x00000000b7f00000|  0%| F|  |TAMS 0x00000000b7e00000, 0x00000000b7e00000| Untracked 
| 895|0x00000000b7f00000, 0x00000000b7f00000, 0x00000000b8000000|  0%| F|  |TAMS 0x00000000b7f00000, 0x00000000b7f00000| Untracked 
| 896|0x00000000b8000000, 0x00000000b8000000, 0x00000000b8100000|  0%| F|  |TAMS 0x00000000b8000000, 0x00000000b8000000| Untracked 
| 897|0x00000000b8100000, 0x00000000b8100000, 0x00000000b8200000|  0%| F|  |TAMS 0x00000000b8100000, 0x00000000b8100000| Untracked 
| 898|0x00000000b8200000, 0x00000000b8200000, 0x00000000b8300000|  0%| F|  |TAMS 0x00000000b8200000, 0x00000000b8200000| Untracked 
| 899|0x00000000b8300000, 0x00000000b8300000, 0x00000000b8400000|  0%| F|  |TAMS 0x00000000b8300000, 0x00000000b8300000| Untracked 
| 900|0x00000000b8400000, 0x00000000b8400000, 0x00000000b8500000|  0%| F|  |TAMS 0x00000000b8400000, 0x00000000b8400000| Untracked 
| 901|0x00000000b8500000, 0x00000000b8500000, 0x00000000b8600000|  0%| F|  |TAMS 0x00000000b8500000, 0x00000000b8500000| Untracked 
| 902|0x00000000b8600000, 0x00000000b8600000, 0x00000000b8700000|  0%| F|  |TAMS 0x00000000b8600000, 0x00000000b8600000| Untracked 
| 903|0x00000000b8700000, 0x00000000b8700000, 0x00000000b8800000|  0%| F|  |TAMS 0x00000000b8700000, 0x00000000b8700000| Untracked 
| 904|0x00000000b8800000, 0x00000000b8800000, 0x00000000b8900000|  0%| F|  |TAMS 0x00000000b8800000, 0x00000000b8800000| Untracked 
| 905|0x00000000b8900000, 0x00000000b8900000, 0x00000000b8a00000|  0%| F|  |TAMS 0x00000000b8900000, 0x00000000b8900000| Untracked 
| 906|0x00000000b8a00000, 0x00000000b8a00000, 0x00000000b8b00000|  0%| F|  |TAMS 0x00000000b8a00000, 0x00000000b8a00000| Untracked 
| 907|0x00000000b8b00000, 0x00000000b8b00000, 0x00000000b8c00000|  0%| F|  |TAMS 0x00000000b8b00000, 0x00000000b8b00000| Untracked 
| 908|0x00000000b8c00000, 0x00000000b8c00000, 0x00000000b8d00000|  0%| F|  |TAMS 0x00000000b8c00000, 0x00000000b8c00000| Untracked 
| 909|0x00000000b8d00000, 0x00000000b8d00000, 0x00000000b8e00000|  0%| F|  |TAMS 0x00000000b8d00000, 0x00000000b8d00000| Untracked 
| 910|0x00000000b8e00000, 0x00000000b8e00000, 0x00000000b8f00000|  0%| F|  |TAMS 0x00000000b8e00000, 0x00000000b8e00000| Untracked 
| 911|0x00000000b8f00000, 0x00000000b8f00000, 0x00000000b9000000|  0%| F|  |TAMS 0x00000000b8f00000, 0x00000000b8f00000| Untracked 
| 912|0x00000000b9000000, 0x00000000b9000000, 0x00000000b9100000|  0%| F|  |TAMS 0x00000000b9000000, 0x00000000b9000000| Untracked 
| 913|0x00000000b9100000, 0x00000000b9100000, 0x00000000b9200000|  0%| F|  |TAMS 0x00000000b9100000, 0x00000000b9100000| Untracked 
| 914|0x00000000b9200000, 0x00000000b9200000, 0x00000000b9300000|  0%| F|  |TAMS 0x00000000b9200000, 0x00000000b9200000| Untracked 
| 915|0x00000000b9300000, 0x00000000b9300000, 0x00000000b9400000|  0%| F|  |TAMS 0x00000000b9300000, 0x00000000b9300000| Untracked 
| 916|0x00000000b9400000, 0x00000000b9400000, 0x00000000b9500000|  0%| F|  |TAMS 0x00000000b9400000, 0x00000000b9400000| Untracked 
| 917|0x00000000b9500000, 0x00000000b9500000, 0x00000000b9600000|  0%| F|  |TAMS 0x00000000b9500000, 0x00000000b9500000| Untracked 
| 918|0x00000000b9600000, 0x00000000b9600000, 0x00000000b9700000|  0%| F|  |TAMS 0x00000000b9600000, 0x00000000b9600000| Untracked 
| 919|0x00000000b9700000, 0x00000000b9700000, 0x00000000b9800000|  0%| F|  |TAMS 0x00000000b9700000, 0x00000000b9700000| Untracked 
| 920|0x00000000b9800000, 0x00000000b9800000, 0x00000000b9900000|  0%| F|  |TAMS 0x00000000b9800000, 0x00000000b9800000| Untracked 
| 921|0x00000000b9900000, 0x00000000b9900000, 0x00000000b9a00000|  0%| F|  |TAMS 0x00000000b9900000, 0x00000000b9900000| Untracked 
| 922|0x00000000b9a00000, 0x00000000b9a00000, 0x00000000b9b00000|  0%| F|  |TAMS 0x00000000b9a00000, 0x00000000b9a00000| Untracked 
| 923|0x00000000b9b00000, 0x00000000b9b00000, 0x00000000b9c00000|  0%| F|  |TAMS 0x00000000b9b00000, 0x00000000b9b00000| Untracked 
| 924|0x00000000b9c00000, 0x00000000b9c00000, 0x00000000b9d00000|  0%| F|  |TAMS 0x00000000b9c00000, 0x00000000b9c00000| Untracked 
| 925|0x00000000b9d00000, 0x00000000b9d00000, 0x00000000b9e00000|  0%| F|  |TAMS 0x00000000b9d00000, 0x00000000b9d00000| Untracked 
| 926|0x00000000b9e00000, 0x00000000b9e00000, 0x00000000b9f00000|  0%| F|  |TAMS 0x00000000b9e00000, 0x00000000b9e00000| Untracked 
| 927|0x00000000b9f00000, 0x00000000b9f00000, 0x00000000ba000000|  0%| F|  |TAMS 0x00000000b9f00000, 0x00000000b9f00000| Untracked 
| 928|0x00000000ba000000, 0x00000000ba0e55c8, 0x00000000ba100000| 89%| E|  |TAMS 0x00000000ba000000, 0x00000000ba000000| Complete 
| 929|0x00000000ba100000, 0x00000000ba200000, 0x00000000ba200000|100%| E|  |TAMS 0x00000000ba100000, 0x00000000ba100000| Complete 
| 930|0x00000000ba200000, 0x00000000ba300000, 0x00000000ba300000|100%| E|CS|TAMS 0x00000000ba200000, 0x00000000ba200000| Complete 
| 931|0x00000000ba300000, 0x00000000ba400000, 0x00000000ba400000|100%| E|CS|TAMS 0x00000000ba300000, 0x00000000ba300000| Complete 
| 932|0x00000000ba400000, 0x00000000ba500000, 0x00000000ba500000|100%| E|CS|TAMS 0x00000000ba400000, 0x00000000ba400000| Complete 
| 933|0x00000000ba500000, 0x00000000ba600000, 0x00000000ba600000|100%| E|CS|TAMS 0x00000000ba500000, 0x00000000ba500000| Complete 
| 934|0x00000000ba600000, 0x00000000ba700000, 0x00000000ba700000|100%| E|CS|TAMS 0x00000000ba600000, 0x00000000ba600000| Complete 
| 935|0x00000000ba700000, 0x00000000ba800000, 0x00000000ba800000|100%| E|CS|TAMS 0x00000000ba700000, 0x00000000ba700000| Complete 
| 936|0x00000000ba800000, 0x00000000ba900000, 0x00000000ba900000|100%| E|CS|TAMS 0x00000000ba800000, 0x00000000ba800000| Complete 
| 937|0x00000000ba900000, 0x00000000baa00000, 0x00000000baa00000|100%| E|CS|TAMS 0x00000000ba900000, 0x00000000ba900000| Complete 
| 938|0x00000000baa00000, 0x00000000bab00000, 0x00000000bab00000|100%| E|CS|TAMS 0x00000000baa00000, 0x00000000baa00000| Complete 
| 939|0x00000000bab00000, 0x00000000bac00000, 0x00000000bac00000|100%| E|CS|TAMS 0x00000000bab00000, 0x00000000bab00000| Complete 
| 940|0x00000000bac00000, 0x00000000bad00000, 0x00000000bad00000|100%| E|CS|TAMS 0x00000000bac00000, 0x00000000bac00000| Complete 
| 941|0x00000000bad00000, 0x00000000bae00000, 0x00000000bae00000|100%| E|CS|TAMS 0x00000000bad00000, 0x00000000bad00000| Complete 
| 942|0x00000000bae00000, 0x00000000baf00000, 0x00000000baf00000|100%| E|CS|TAMS 0x00000000bae00000, 0x00000000bae00000| Complete 
| 943|0x00000000baf00000, 0x00000000bb000000, 0x00000000bb000000|100%| E|CS|TAMS 0x00000000baf00000, 0x00000000baf00000| Complete 
| 944|0x00000000bb000000, 0x00000000bb100000, 0x00000000bb100000|100%| E|CS|TAMS 0x00000000bb000000, 0x00000000bb000000| Complete 
| 945|0x00000000bb100000, 0x00000000bb200000, 0x00000000bb200000|100%| E|CS|TAMS 0x00000000bb100000, 0x00000000bb100000| Complete 
| 946|0x00000000bb200000, 0x00000000bb300000, 0x00000000bb300000|100%| E|CS|TAMS 0x00000000bb200000, 0x00000000bb200000| Complete 
| 947|0x00000000bb300000, 0x00000000bb400000, 0x00000000bb400000|100%| E|CS|TAMS 0x00000000bb300000, 0x00000000bb300000| Complete 
| 948|0x00000000bb400000, 0x00000000bb500000, 0x00000000bb500000|100%| E|CS|TAMS 0x00000000bb400000, 0x00000000bb400000| Complete 
| 949|0x00000000bb500000, 0x00000000bb600000, 0x00000000bb600000|100%| E|CS|TAMS 0x00000000bb500000, 0x00000000bb500000| Complete 
| 950|0x00000000bb600000, 0x00000000bb700000, 0x00000000bb700000|100%| E|CS|TAMS 0x00000000bb600000, 0x00000000bb600000| Complete 
| 951|0x00000000bb700000, 0x00000000bb800000, 0x00000000bb800000|100%| E|CS|TAMS 0x00000000bb700000, 0x00000000bb700000| Complete 
| 952|0x00000000bb800000, 0x00000000bb900000, 0x00000000bb900000|100%| E|CS|TAMS 0x00000000bb800000, 0x00000000bb800000| Complete 
| 953|0x00000000bb900000, 0x00000000bba00000, 0x00000000bba00000|100%| E|CS|TAMS 0x00000000bb900000, 0x00000000bb900000| Complete 
| 954|0x00000000bba00000, 0x00000000bbb00000, 0x00000000bbb00000|100%| E|CS|TAMS 0x00000000bba00000, 0x00000000bba00000| Complete 
| 955|0x00000000bbb00000, 0x00000000bbc00000, 0x00000000bbc00000|100%| E|CS|TAMS 0x00000000bbb00000, 0x00000000bbb00000| Complete 
| 956|0x00000000bbc00000, 0x00000000bbd00000, 0x00000000bbd00000|100%| E|CS|TAMS 0x00000000bbc00000, 0x00000000bbc00000| Complete 
| 957|0x00000000bbd00000, 0x00000000bbe00000, 0x00000000bbe00000|100%| E|CS|TAMS 0x00000000bbd00000, 0x00000000bbd00000| Complete 
| 958|0x00000000bbe00000, 0x00000000bbf00000, 0x00000000bbf00000|100%| E|CS|TAMS 0x00000000bbe00000, 0x00000000bbe00000| Complete 
| 959|0x00000000bbf00000, 0x00000000bc000000, 0x00000000bc000000|100%| E|CS|TAMS 0x00000000bbf00000, 0x00000000bbf00000| Complete 
| 960|0x00000000bc000000, 0x00000000bc100000, 0x00000000bc100000|100%| E|CS|TAMS 0x00000000bc000000, 0x00000000bc000000| Complete 
| 961|0x00000000bc100000, 0x00000000bc200000, 0x00000000bc200000|100%| E|CS|TAMS 0x00000000bc100000, 0x00000000bc100000| Complete 
| 962|0x00000000bc200000, 0x00000000bc300000, 0x00000000bc300000|100%| E|CS|TAMS 0x00000000bc200000, 0x00000000bc200000| Complete 

Card table byte_map: [0x000001c0db9c0000,0x000001c0dbdc0000] _byte_map_base: 0x000001c0db5c0000

Marking Bits (Prev, Next): (CMBitMap*) 0x000001c0c272bec0, (CMBitMap*) 0x000001c0c272be80
 Prev Bits: [0x000001c0de1c0000, 0x000001c0e01c0000)
 Next Bits: [0x000001c0dc1c0000, 0x000001c0de1c0000)

Polling page: 0x000001c0c2630000

Metaspace:

Usage:
  Non-class:    108.62 MB used.
      Class:     17.18 MB used.
       Both:    125.79 MB used.

Virtual space:
  Non-class space:      128.00 MB reserved,     109.00 MB ( 85%) committed,  2 nodes.
      Class space:        1.00 GB reserved,      17.62 MB (  2%) committed,  1 nodes.
             Both:        1.12 GB reserved,     126.62 MB ( 11%) committed. 

Chunk freelists:
   Non-Class:  2.16 MB
       Class:  14.29 MB
        Both:  16.45 MB

MaxMetaspaceSize: unlimited
CompressedClassSpaceSize: 1.00 GB
Initial GC threshold: 21.00 MB
Current GC threshold: 162.75 MB
CDS: on
MetaspaceReclaimPolicy: balanced
 - commit_granule_bytes: 65536.
 - commit_granule_words: 8192.
 - virtual_space_node_default_size: 8388608.
 - enlarge_chunks_in_place: 1.
 - new_chunks_are_fully_committed: 0.
 - uncommit_free_chunks: 1.
 - use_allocation_guard: 0.
 - handle_deallocations: 1.


Internal statistics:

num_allocs_failed_limit: 9.
num_arena_births: 1362.
num_arena_deaths: 14.
num_vsnodes_births: 3.
num_vsnodes_deaths: 0.
num_space_committed: 2025.
num_space_uncommitted: 0.
num_chunks_returned_to_freelist: 26.
num_chunks_taken_from_freelist: 6574.
num_chunk_merges: 16.
num_chunk_splits: 4417.
num_chunks_enlarged: 3037.
num_inconsistent_stats: 0.

CodeHeap 'non-profiled nmethods': size=120000Kb used=18799Kb max_used=19649Kb free=101201Kb
 bounds [0x000001c0d3620000, 0x000001c0d4960000, 0x000001c0dab50000]
CodeHeap 'profiled nmethods': size=120000Kb used=39088Kb max_used=39734Kb free=80911Kb
 bounds [0x000001c0cbb50000, 0x000001c0ce240000, 0x000001c0d3080000]
CodeHeap 'non-nmethods': size=5760Kb used=1802Kb max_used=1931Kb free=3957Kb
 bounds [0x000001c0d3080000, 0x000001c0d32f0000, 0x000001c0d3620000]
 total_blobs=21659 nmethods=20761 adapters=807
 compilation: enabled
              stopped_count=0, restarted_count=0
 full_count=0

Compilation events (20 events):
Event: 124.823 Thread 0x000001c0f3259d00 nmethod 28847 0x000001c0d45c5890 code [0x000001c0d45c6000, 0x000001c0d45d0940]
Event: 124.825 Thread 0x000001c0f3259d00 28681       4       kotlin.io.ByteStreamsKt::copyTo (60 bytes)
Event: 124.838 Thread 0x000001c0e2973fc0 28906       2       org.jetbrains.org.objectweb.asm.MethodVisitor::visitAnnotation (19 bytes)
Event: 124.838 Thread 0x000001c0e2973fc0 nmethod 28906 0x000001c0cd735610 code [0x000001c0cd7357c0, 0x000001c0cd735928]
Event: 124.851 Thread 0x000001c0f3259d00 nmethod 28681 0x000001c0d4250a10 code [0x000001c0d4250bc0, 0x000001c0d4251708]
Event: 124.851 Thread 0x000001c0e2973fc0 28907       2       java.util.concurrent.LinkedBlockingDeque$AbstractItr::hasNext (13 bytes)
Event: 124.851 Thread 0x000001c0f3259d00 28676       4       org.jetbrains.org.objectweb.asm.SymbolTable::addConstantIntegerOrFloat (100 bytes)
Event: 124.851 Thread 0x000001c0e2973fc0 nmethod 28907 0x000001c0cd735290 code [0x000001c0cd735420, 0x000001c0cd735538]
Event: 124.924 Thread 0x000001c0e296a190 nmethod 28872 0x000001c0d4272210 code [0x000001c0d4272720, 0x000001c0d427b1c8]
Event: 124.927 Thread 0x000001c0e2973fc0 28909       2       java.io.FileInputStream::read (8 bytes)
Event: 124.942 Thread 0x000001c0e2973fc0 nmethod 28909 0x000001c0cd734f10 code [0x000001c0cd7350c0, 0x000001c0cd7351e8]
Event: 124.944 Thread 0x000001c0e2973fc0 28911       2       java.util.ComparableTimSort::countRunAndMakeAscending (123 bytes)
Event: 124.945 Thread 0x000001c0e296a190 28661       4       sun.nio.fs.WindowsPath::compareTo (118 bytes)
Event: 124.946 Thread 0x000001c0e2973fc0 nmethod 28911 0x000001c0cd734590 code [0x000001c0cd7347a0, 0x000001c0cd734c78]
Event: 124.952 Thread 0x000001c0f3259d00 nmethod 28676 0x000001c0d4420390 code [0x000001c0d4420560, 0x000001c0d4421ab8]
Event: 124.953 Thread 0x000001c0f3259d00 28912       4       org.jetbrains.org.objectweb.asm.ClassReader::readMethod (1061 bytes)
Event: 124.995 Thread 0x000001c0e296a190 nmethod 28661 0x000001c0d441f410 code [0x000001c0d441f5e0, 0x000001c0d441ffb8]
Event: 124.996 Thread 0x000001c0e296a190 28881       4       sun.security.jca.ProviderList::getService (120 bytes)
Event: 125.033 Thread 0x000001c0e2973fc0 28913       2       org.gradle.api.internal.artifacts.transform.AbstractTransformExecution$3::getDidWork (4 bytes)
Event: 125.033 Thread 0x000001c0e2973fc0 nmethod 28913 0x000001c0cd734210 code [0x000001c0cd7343a0, 0x000001c0cd7344b8]

GC Heap History (20 events):
Event: 115.458 GC heap before
{Heap before GC invocations=138 (full 0):
 garbage-first heap   total 986112K, used 864966K [0x0000000080000000, 0x0000000100000000)
  region size 1024K, 167 young (171008K), 10 survivors (10240K)
 Metaspace       used 128366K, committed 129216K, reserved 1179648K
  class space    used 17541K, committed 17984K, reserved 1048576K
}
Event: 115.471 GC heap after
{Heap after GC invocations=139 (full 0):
 garbage-first heap   total 986112K, used 707423K [0x0000000080000000, 0x0000000100000000)
  region size 1024K, 13 young (13312K), 13 survivors (13312K)
 Metaspace       used 128366K, committed 129216K, reserved 1179648K
  class space    used 17541K, committed 17984K, reserved 1048576K
}
Event: 115.720 GC heap before
{Heap before GC invocations=139 (full 0):
 garbage-first heap   total 986112K, used 865119K [0x0000000080000000, 0x0000000100000000)
  region size 1024K, 168 young (172032K), 13 survivors (13312K)
 Metaspace       used 128383K, committed 129280K, reserved 1179648K
  class space    used 17541K, committed 17984K, reserved 1048576K
}
Event: 115.736 GC heap after
{Heap after GC invocations=140 (full 0):
 garbage-first heap   total 986112K, used 710300K [0x0000000080000000, 0x0000000100000000)
  region size 1024K, 14 young (14336K), 14 survivors (14336K)
 Metaspace       used 128383K, committed 129280K, reserved 1179648K
  class space    used 17541K, committed 17984K, reserved 1048576K
}
Event: 116.021 GC heap before
{Heap before GC invocations=140 (full 0):
 garbage-first heap   total 986112K, used 864924K [0x0000000080000000, 0x0000000100000000)
  region size 1024K, 166 young (169984K), 14 survivors (14336K)
 Metaspace       used 128393K, committed 129280K, reserved 1179648K
  class space    used 17541K, committed 17984K, reserved 1048576K
}
Event: 116.030 GC heap after
{Heap after GC invocations=141 (full 0):
 garbage-first heap   total 986112K, used 703264K [0x0000000080000000, 0x0000000100000000)
  region size 1024K, 6 young (6144K), 6 survivors (6144K)
 Metaspace       used 128393K, committed 129280K, reserved 1179648K
  class space    used 17541K, committed 17984K, reserved 1048576K
}
Event: 116.634 GC heap before
{Heap before GC invocations=141 (full 0):
 garbage-first heap   total 986112K, used 869152K [0x0000000080000000, 0x0000000100000000)
  region size 1024K, 169 young (173056K), 6 survivors (6144K)
 Metaspace       used 128394K, committed 129280K, reserved 1179648K
  class space    used 17541K, committed 17984K, reserved 1048576K
}
Event: 116.642 GC heap after
{Heap after GC invocations=142 (full 0):
 garbage-first heap   total 986112K, used 703932K [0x0000000080000000, 0x0000000100000000)
  region size 1024K, 7 young (7168K), 7 survivors (7168K)
 Metaspace       used 128394K, committed 129280K, reserved 1179648K
  class space    used 17541K, committed 17984K, reserved 1048576K
}
Event: 118.011 GC heap before
{Heap before GC invocations=142 (full 0):
 garbage-first heap   total 986112K, used 871868K [0x0000000080000000, 0x0000000100000000)
  region size 1024K, 171 young (175104K), 7 survivors (7168K)
 Metaspace       used 128435K, committed 129280K, reserved 1179648K
  class space    used 17543K, committed 17984K, reserved 1048576K
}
Event: 118.015 GC heap after
{Heap after GC invocations=143 (full 0):
 garbage-first heap   total 986112K, used 696717K [0x0000000080000000, 0x0000000100000000)
  region size 1024K, 2 young (2048K), 2 survivors (2048K)
 Metaspace       used 128435K, committed 129280K, reserved 1179648K
  class space    used 17543K, committed 17984K, reserved 1048576K
}
Event: 119.375 GC heap before
{Heap before GC invocations=143 (full 0):
 garbage-first heap   total 986112K, used 872845K [0x0000000080000000, 0x0000000100000000)
  region size 1024K, 175 young (179200K), 2 survivors (2048K)
 Metaspace       used 128437K, committed 129280K, reserved 1179648K
  class space    used 17543K, committed 17984K, reserved 1048576K
}
Event: 119.379 GC heap after
{Heap after GC invocations=144 (full 0):
 garbage-first heap   total 986112K, used 698482K [0x0000000080000000, 0x0000000100000000)
  region size 1024K, 4 young (4096K), 4 survivors (4096K)
 Metaspace       used 128437K, committed 129280K, reserved 1179648K
  class space    used 17543K, committed 17984K, reserved 1048576K
}
Event: 120.207 GC heap before
{Heap before GC invocations=144 (full 0):
 garbage-first heap   total 986112K, used 874610K [0x0000000080000000, 0x0000000100000000)
  region size 1024K, 176 young (180224K), 4 survivors (4096K)
 Metaspace       used 128437K, committed 129280K, reserved 1179648K
  class space    used 17543K, committed 17984K, reserved 1048576K
}
Event: 120.211 GC heap after
{Heap after GC invocations=145 (full 0):
 garbage-first heap   total 986112K, used 700922K [0x0000000080000000, 0x0000000100000000)
  region size 1024K, 6 young (6144K), 6 survivors (6144K)
 Metaspace       used 128437K, committed 129280K, reserved 1179648K
  class space    used 17543K, committed 17984K, reserved 1048576K
}
Event: 121.895 GC heap before
{Heap before GC invocations=145 (full 0):
 garbage-first heap   total 986112K, used 875002K [0x0000000080000000, 0x0000000100000000)
  region size 1024K, 177 young (181248K), 6 survivors (6144K)
 Metaspace       used 128779K, committed 129664K, reserved 1179648K
  class space    used 17586K, committed 18048K, reserved 1048576K
}
Event: 121.903 GC heap after
{Heap after GC invocations=146 (full 0):
 garbage-first heap   total 986112K, used 698275K [0x0000000080000000, 0x0000000100000000)
  region size 1024K, 3 young (3072K), 3 survivors (3072K)
 Metaspace       used 128779K, committed 129664K, reserved 1179648K
  class space    used 17586K, committed 18048K, reserved 1048576K
}
Event: 122.691 GC heap before
{Heap before GC invocations=146 (full 0):
 garbage-first heap   total 986112K, used 876451K [0x0000000080000000, 0x0000000100000000)
  region size 1024K, 178 young (182272K), 3 survivors (3072K)
 Metaspace       used 128787K, committed 129664K, reserved 1179648K
  class space    used 17587K, committed 18048K, reserved 1048576K
}
Event: 122.699 GC heap after
{Heap after GC invocations=147 (full 0):
 garbage-first heap   total 986112K, used 699151K [0x0000000080000000, 0x0000000100000000)
  region size 1024K, 4 young (4096K), 4 survivors (4096K)
 Metaspace       used 128787K, committed 129664K, reserved 1179648K
  class space    used 17587K, committed 18048K, reserved 1048576K
}
Event: 124.171 GC heap before
{Heap before GC invocations=147 (full 0):
 garbage-first heap   total 986112K, used 876303K [0x0000000080000000, 0x0000000100000000)
  region size 1024K, 178 young (182272K), 4 survivors (4096K)
 Metaspace       used 128810K, committed 129664K, reserved 1179648K
  class space    used 17587K, committed 18048K, reserved 1048576K
}
Event: 124.178 GC heap after
{Heap after GC invocations=148 (full 0):
 garbage-first heap   total 986112K, used 700358K [0x0000000080000000, 0x0000000100000000)
  region size 1024K, 5 young (5120K), 5 survivors (5120K)
 Metaspace       used 128810K, committed 129664K, reserved 1179648K
  class space    used 17587K, committed 18048K, reserved 1048576K
}

Dll operation events (15 events):
Event: 0.022 Loaded shared library C:\Program Files\Microsoft\jdk-17.0.20.8-hotspot\bin\java.dll
Event: 0.057 Loaded shared library C:\Program Files\Microsoft\jdk-17.0.20.8-hotspot\bin\jsvml.dll
Event: 0.169 Loaded shared library C:\Program Files\Microsoft\jdk-17.0.20.8-hotspot\bin\zip.dll
Event: 0.175 Loaded shared library C:\Program Files\Microsoft\jdk-17.0.20.8-hotspot\bin\instrument.dll
Event: 0.187 Loaded shared library C:\Program Files\Microsoft\jdk-17.0.20.8-hotspot\bin\net.dll
Event: 0.191 Loaded shared library C:\Program Files\Microsoft\jdk-17.0.20.8-hotspot\bin\nio.dll
Event: 0.198 Loaded shared library C:\Program Files\Microsoft\jdk-17.0.20.8-hotspot\bin\zip.dll
Event: 0.709 Loaded shared library C:\Program Files\Microsoft\jdk-17.0.20.8-hotspot\bin\jimage.dll
Event: 0.898 Loaded shared library C:\Program Files\Microsoft\jdk-17.0.20.8-hotspot\bin\verify.dll
Event: 1.391 Loaded shared library C:\Users\ansga\.gradle\native\c067742578af261105cb4f569cf0c3c89f3d7b1fecec35dd04571415982c5e48\windows-amd64\native-platform.dll
Event: 1.411 Loaded shared library C:\Users\ansga\.gradle\native\38dada09dfb8b06ba9b0570ebf7e218e3eb74d4ef43ca46872605cf95ebc2f47\windows-amd64\native-platform-file-events.dll
Event: 3.512 Loaded shared library C:\Program Files\Microsoft\jdk-17.0.20.8-hotspot\bin\management.dll
Event: 3.519 Loaded shared library C:\Program Files\Microsoft\jdk-17.0.20.8-hotspot\bin\management_ext.dll
Event: 4.249 Loaded shared library C:\Program Files\Microsoft\jdk-17.0.20.8-hotspot\bin\extnet.dll
Event: 4.863 Loaded shared library C:\Program Files\Microsoft\jdk-17.0.20.8-hotspot\bin\sunmscapi.dll

Deoptimization events (20 events):
Event: 122.868 Thread 0x000001c0eabafcf0 Uncommon trap: trap_request=0xffffffd6 fr.pc=0x000001c0d408a628 relative=0x00000000000007e8
Event: 122.869 Thread 0x000001c0eabafcf0 Uncommon trap: reason=array_check action=maybe_recompile pc=0x000001c0d408a628 method=java.util.ComparableTimSort.reverseRange([Ljava/lang/Object;II)V @ 20 c2
Event: 122.870 Thread 0x000001c0eabafcf0 DEOPT PACKING pc=0x000001c0d408a628 sp=0x00000009a9afaaa0
Event: 122.870 Thread 0x000001c0eabafcf0 DEOPT UNPACKING pc=0x000001c0d30d69a3 sp=0x00000009a9afa9d8 mode 2
Event: 122.870 Thread 0x000001c0eabafcf0 Uncommon trap: trap_request=0xffffffd6 fr.pc=0x000001c0d408a628 relative=0x00000000000007e8
Event: 122.870 Thread 0x000001c0eabafcf0 Uncommon trap: reason=array_check action=maybe_recompile pc=0x000001c0d408a628 method=java.util.ComparableTimSort.reverseRange([Ljava/lang/Object;II)V @ 20 c2
Event: 122.870 Thread 0x000001c0eabafcf0 DEOPT PACKING pc=0x000001c0d408a628 sp=0x00000009a9afaaa0
Event: 122.870 Thread 0x000001c0eabafcf0 DEOPT UNPACKING pc=0x000001c0d30d69a3 sp=0x00000009a9afa9d8 mode 2
Event: 124.928 Thread 0x000001c0eabae8b0 Uncommon trap: trap_request=0xffffff76 fr.pc=0x000001c0d45cecb4 relative=0x0000000000008cb4
Event: 124.939 Thread 0x000001c0eca87d50 Uncommon trap: trap_request=0xffffffd6 fr.pc=0x000001c0d4058f90 relative=0x0000000000000950
Event: 124.941 Thread 0x000001c0eabae8b0 Uncommon trap: reason=predicate action=maybe_recompile pc=0x000001c0d45cecb4 method=org.jetbrains.org.objectweb.asm.ClassReader.readMethod(Lorg/jetbrains/org/objectweb/asm/ClassVisitor;Lorg/jetbrains/org/objectweb/asm/Context;I)I @ 917 c2
Event: 124.942 Thread 0x000001c0eca87d50 Uncommon trap: reason=array_check action=maybe_recompile pc=0x000001c0d4058f90 method=java.util.ComparableTimSort.reverseRange([Ljava/lang/Object;II)V @ 27 c2
Event: 124.943 Thread 0x000001c0eabae8b0 DEOPT PACKING pc=0x000001c0d45cecb4 sp=0x00000009a91faae0
Event: 124.943 Thread 0x000001c0eabae8b0 DEOPT UNPACKING pc=0x000001c0d30d69a3 sp=0x00000009a91faaf8 mode 2
Event: 124.943 Thread 0x000001c0eca87d50 DEOPT PACKING pc=0x000001c0d4058f90 sp=0x00000009a8dfaa20
Event: 124.943 Thread 0x000001c0eca87d50 DEOPT UNPACKING pc=0x000001c0d30d69a3 sp=0x00000009a8dfa978 mode 2
Event: 124.943 Thread 0x000001c0eca87d50 Uncommon trap: trap_request=0xffffffd6 fr.pc=0x000001c0d4058f90 relative=0x0000000000000950
Event: 124.943 Thread 0x000001c0eca87d50 Uncommon trap: reason=array_check action=maybe_recompile pc=0x000001c0d4058f90 method=java.util.ComparableTimSort.reverseRange([Ljava/lang/Object;II)V @ 27 c2
Event: 124.944 Thread 0x000001c0eca87d50 DEOPT PACKING pc=0x000001c0d4058f90 sp=0x00000009a8dfaa20
Event: 124.944 Thread 0x000001c0eca87d50 DEOPT UNPACKING pc=0x000001c0d30d69a3 sp=0x00000009a8dfa978 mode 2

Classes loaded (20 events):
Event: 107.310 Loading class jdk/internal/event/ProcessStartEvent
Event: 107.311 Loading class jdk/internal/event/ProcessStartEvent done
Event: 108.194 Loading class java/nio/file/FileChannelLinesSpliterator
Event: 108.194 Loading class java/nio/file/FileChannelLinesSpliterator done
Event: 108.197 Loading class java/util/stream/Streams$1
Event: 108.197 Loading class java/util/stream/Streams$1 done
Event: 108.228 Loading class java/nio/file/FileChannelLinesSpliterator$1
Event: 108.229 Loading class java/nio/file/FileChannelLinesSpliterator$1 done
Event: 108.702 Loading class java/nio/file/FileTreeWalker$1
Event: 108.703 Loading class java/nio/file/FileTreeWalker$1 done
Event: 108.869 Loading class java/io/BufferedReader$1
Event: 108.869 Loading class java/io/BufferedReader$1 done
Event: 109.964 Loading class java/util/IdentityHashMap$EntryIterator
Event: 109.964 Loading class java/util/IdentityHashMap$EntryIterator done
Event: 109.979 Loading class java/util/IdentityHashMap$EntryIterator$Entry
Event: 109.980 Loading class java/util/IdentityHashMap$EntryIterator$Entry done
Event: 117.295 Loading class java/util/concurrent/atomic/Striped64$Cell
Event: 117.296 Loading class java/util/concurrent/atomic/Striped64$Cell done
Event: 121.385 Loading class jdk/internal/reflect/UnsafeQualifiedStaticIntegerFieldAccessorImpl
Event: 121.385 Loading class jdk/internal/reflect/UnsafeQualifiedStaticIntegerFieldAccessorImpl done

Classes unloaded (7 events):
Event: 34.811 Thread 0x000001c0e2942970 Unloading class 0x000001c081c61c00 'java/lang/invoke/LambdaForm$DMH+0x000001c081c61c00'
Event: 34.811 Thread 0x000001c0e2942970 Unloading class 0x000001c081c61800 'java/lang/invoke/LambdaForm$DMH+0x000001c081c61800'
Event: 34.811 Thread 0x000001c0e2942970 Unloading class 0x000001c081c61400 'java/lang/invoke/LambdaForm$DMH+0x000001c081c61400'
Event: 34.811 Thread 0x000001c0e2942970 Unloading class 0x000001c081c61000 'java/lang/invoke/LambdaForm$DMH+0x000001c081c61000'
Event: 34.811 Thread 0x000001c0e2942970 Unloading class 0x000001c081c60400 'java/lang/invoke/LambdaForm$DMH+0x000001c081c60400'
Event: 34.811 Thread 0x000001c0e2942970 Unloading class 0x000001c081c60c00 'java/lang/invoke/LambdaForm$DMH+0x000001c081c60c00'
Event: 34.811 Thread 0x000001c0e2942970 Unloading class 0x000001c081c60800 'java/lang/invoke/LambdaForm$DMH+0x000001c081c60800'

Classes redefined (0 events):
No events

Internal exceptions (20 events):
Event: 109.557 Thread 0x000001c0eca85ef0 Exception <a 'sun/nio/fs/WindowsException'{0x00000000b7427d80}> (0x00000000b7427d80) 
thrown [s\src\hotspot\share\prims\jni.cpp, line 516]
Event: 109.557 Thread 0x000001c0eca85ef0 Exception <a 'sun/nio/fs/WindowsException'{0x00000000b7427f10}> (0x00000000b7427f10) 
thrown [s\src\hotspot\share\prims\jni.cpp, line 516]
Event: 109.574 Thread 0x000001c0eca87840 Exception <a 'sun/nio/fs/WindowsException'{0x00000000b87d3690}> (0x00000000b87d3690) 
thrown [s\src\hotspot\share\prims\jni.cpp, line 516]
Event: 109.585 Thread 0x000001c0e9e5e760 Exception <a 'sun/nio/fs/WindowsException'{0x00000000b74c0028}> (0x00000000b74c0028) 
thrown [s\src\hotspot\share\prims\jni.cpp, line 516]
Event: 109.585 Thread 0x000001c0e9e5e760 Exception <a 'sun/nio/fs/WindowsException'{0x00000000b74c01c0}> (0x00000000b74c01c0) 
thrown [s\src\hotspot\share\prims\jni.cpp, line 516]
Event: 109.620 Thread 0x000001c0eca87330 Exception <a 'sun/nio/fs/WindowsException'{0x00000000b78c4760}> (0x00000000b78c4760) 
thrown [s\src\hotspot\share\prims\jni.cpp, line 516]
Event: 109.620 Thread 0x000001c0eca87330 Exception <a 'sun/nio/fs/WindowsException'{0x00000000b78c4900}> (0x00000000b78c4900) 
thrown [s\src\hotspot\share\prims\jni.cpp, line 516]
Event: 109.620 Thread 0x000001c0e9e5e760 Exception <a 'sun/nio/fs/WindowsException'{0x00000000b6c2b9f0}> (0x00000000b6c2b9f0) 
thrown [s\src\hotspot\share\prims\jni.cpp, line 516]
Event: 109.620 Thread 0x000001c0e9e5e760 Exception <a 'sun/nio/fs/WindowsException'{0x00000000b6c2bba0}> (0x00000000b6c2bba0) 
thrown [s\src\hotspot\share\prims\jni.cpp, line 516]
Event: 109.625 Thread 0x000001c0eca87840 Exception <a 'sun/nio/fs/WindowsException'{0x00000000b6da05c8}> (0x00000000b6da05c8) 
thrown [s\src\hotspot\share\prims\jni.cpp, line 516]
Event: 109.625 Thread 0x000001c0eca87840 Exception <a 'sun/nio/fs/WindowsException'{0x00000000b6da0758}> (0x00000000b6da0758) 
thrown [s\src\hotspot\share\prims\jni.cpp, line 516]
Event: 109.639 Thread 0x000001c0eca84fc0 Exception <a 'sun/nio/fs/WindowsException'{0x00000000b623e820}> (0x00000000b623e820) 
thrown [s\src\hotspot\share\prims\jni.cpp, line 516]
Event: 109.639 Thread 0x000001c0eca84fc0 Exception <a 'sun/nio/fs/WindowsException'{0x00000000b623e9c8}> (0x00000000b623e9c8) 
thrown [s\src\hotspot\share\prims\jni.cpp, line 516]
Event: 111.706 Thread 0x000001c0ed5f79a0 Exception <a 'sun/nio/fs/WindowsException'{0x00000000bb13af78}> (0x00000000bb13af78) 
thrown [s\src\hotspot\share\prims\jni.cpp, line 516]
Event: 113.175 Thread 0x000001c0ed5f4c10 Exception <a 'sun/nio/fs/WindowsException'{0x00000000b3d98278}> (0x00000000b3d98278) 
thrown [s\src\hotspot\share\prims\jni.cpp, line 516]
Event: 121.399 Thread 0x000001c0eabafcf0 Implicit null exception at 0x000001c0d3c4532a to 0x000001c0d3c45b75
Event: 121.399 Thread 0x000001c0eabae3a0 Implicit null exception at 0x000001c0d3c4532a to 0x000001c0d3c45b75
Event: 121.399 Thread 0x000001c0e9e5e760 Implicit null exception at 0x000001c0d3c4532a to 0x000001c0d3c45b75
Event: 121.417 Thread 0x000001c0e9e5e760 Exception <a 'java/lang/NoSuchMethodError'{0x00000000b46e1418}: static Lorg/jetbrains/kotlin/gradle/internal/kapt/incremental/ClasspathEntryData;.<clinit>()V> (0x00000000b46e1418) 
thrown [s\src\hotspot\share\prims\jni.cpp, line 1112]
Event: 121.417 Thread 0x000001c0eabae3a0 Exception <a 'java/lang/NoSuchMethodError'{0x00000000b491f8c8}: static Lorg/jetbrains/kotlin/gradle/internal/kapt/incremental/ClasspathEntryData;.<clinit>()V> (0x00000000b491f8c8) 
thrown [s\src\hotspot\share\prims\jni.cpp, line 1112]

VM Operations (20 events):
Event: 118.011 Executing VM operation: G1CollectForAllocation
Event: 118.015 Executing VM operation: G1CollectForAllocation done
Event: 118.782 Executing VM operation: HandshakeAllThreads
Event: 118.783 Executing VM operation: HandshakeAllThreads done
Event: 119.374 Executing VM operation: G1CollectForAllocation
Event: 119.379 Executing VM operation: G1CollectForAllocation done
Event: 120.207 Executing VM operation: G1CollectForAllocation
Event: 120.211 Executing VM operation: G1CollectForAllocation done
Event: 120.258 Executing VM operation: HandshakeAllThreads
Event: 120.258 Executing VM operation: HandshakeAllThreads done
Event: 121.264 Executing VM operation: Cleanup
Event: 121.264 Executing VM operation: Cleanup done
Event: 121.880 Executing VM operation: G1CollectForAllocation
Event: 121.903 Executing VM operation: G1CollectForAllocation done
Event: 122.670 Executing VM operation: G1CollectForAllocation
Event: 122.699 Executing VM operation: G1CollectForAllocation done
Event: 123.700 Executing VM operation: Cleanup
Event: 123.716 Executing VM operation: Cleanup done
Event: 124.159 Executing VM operation: G1CollectForAllocation
Event: 124.179 Executing VM operation: G1CollectForAllocation done

Memory protections (0 events):
No events

Nmethod flushes (20 events):
Event: 114.978 Thread 0x000001c0e29764f0 flushing osr nmethod 0x000001c0cdf84210
Event: 114.978 Thread 0x000001c0e29764f0 flushing osr nmethod 0x000001c0cdf99290
Event: 114.978 Thread 0x000001c0e29764f0 flushing osr nmethod 0x000001c0cdfae290
Event: 114.978 Thread 0x000001c0e29764f0 flushing  nmethod 0x000001c0cdfeb610
Event: 114.979 Thread 0x000001c0e29764f0 flushing  nmethod 0x000001c0ce005110
Event: 114.979 Thread 0x000001c0e29764f0 flushing osr nmethod 0x000001c0ce006a10
Event: 114.979 Thread 0x000001c0e29764f0 flushing  nmethod 0x000001c0ce00d510
Event: 114.979 Thread 0x000001c0e29764f0 flushing  nmethod 0x000001c0ce033490
Event: 114.979 Thread 0x000001c0e29764f0 flushing  nmethod 0x000001c0ce03d090
Event: 114.979 Thread 0x000001c0e29764f0 flushing  nmethod 0x000001c0ce03f190
Event: 114.979 Thread 0x000001c0e29764f0 flushing  nmethod 0x000001c0ce04eb10
Event: 114.979 Thread 0x000001c0e29764f0 flushing  nmethod 0x000001c0ce050f90
Event: 114.979 Thread 0x000001c0e29764f0 flushing osr nmethod 0x000001c0ce058090
Event: 114.979 Thread 0x000001c0e29764f0 flushing  nmethod 0x000001c0ce06e910
Event: 114.979 Thread 0x000001c0e29764f0 flushing  nmethod 0x000001c0ce085e10
Event: 114.979 Thread 0x000001c0e29764f0 flushing  nmethod 0x000001c0ce088b10
Event: 114.980 Thread 0x000001c0e29764f0 flushing  nmethod 0x000001c0ce108c10
Event: 118.827 Thread 0x000001c0e29764f0 flushing  nmethod 0x000001c0cd267590
Event: 118.851 Thread 0x000001c0e29764f0 flushing  nmethod 0x000001c0ce107190
Event: 118.851 Thread 0x000001c0e29764f0 flushing  nmethod 0x000001c0ce11f710

Events (20 events):
Event: 104.728 Thread 0x000001c0eabb1b50 Thread exited: 0x000001c0eabb1b50
Event: 106.493 Thread 0x000001c0e9e5e760 Thread added: 0x000001c0ed5f6a70
Event: 106.534 Thread 0x000001c0e9e5e760 Thread added: 0x000001c0ed5f83c0
Event: 107.269 Thread 0x000001c0ed5f6560 Thread added: 0x000001c0f4084690
Event: 107.319 Thread 0x000001c0ed5f6560 Thread added: 0x000001c0f27a4b50
Event: 107.319 Thread 0x000001c0ed5f6560 Thread added: 0x000001c0f27a5060
Event: 113.226 Thread 0x000001c0ed5f7eb0 Thread exited: 0x000001c0ed5f7eb0
Event: 113.226 Thread 0x000001c0f4084180 Thread exited: 0x000001c0f4084180
Event: 113.226 Thread 0x000001c0e8463d60 Thread exited: 0x000001c0e8463d60
Event: 113.226 Thread 0x000001c0ed5f2db0 Thread exited: 0x000001c0ed5f2db0
Event: 113.227 Thread 0x000001c0f27f0990 Thread exited: 0x000001c0f27f0990
Event: 113.229 Thread 0x000001c0ed5f79a0 Thread exited: 0x000001c0ed5f79a0
Event: 113.230 Thread 0x000001c0ed5f6f80 Thread exited: 0x000001c0ed5f6f80
Event: 113.237 Thread 0x000001c0ed5f4c10 Thread exited: 0x000001c0ed5f4c10
Event: 120.481 Thread 0x000001c0ec4f6ed0 Thread exited: 0x000001c0ec4f6ed0
Event: 120.481 Thread 0x000001c0ec4f9950 Thread exited: 0x000001c0ec4f9950
Event: 120.676 Thread 0x000001c0e2973fc0 Thread added: 0x000001c0ed5fa3a0
Event: 121.214 Thread 0x000001c0ed5fa3a0 Thread exited: 0x000001c0ed5fa3a0
Event: 121.259 Thread 0x000001c0e2973fc0 Thread added: 0x000001c0f3259d00
Event: 121.326 Thread 0x000001c0e2973fc0 Thread added: 0x000001c0f325b790


Dynamic libraries:
0x00007ff70d4d0000 - 0x00007ff70d4de000 	C:\Program Files\Microsoft\jdk-17.0.20.8-hotspot\bin\java.exe
0x00007ffae8260000 - 0x00007ffae84c6000 	C:\WINDOWS\SYSTEM32\ntdll.dll
0x00007ffae6350000 - 0x00007ffae6419000 	C:\WINDOWS\System32\KERNEL32.DLL
0x00007ffae58a0000 - 0x00007ffae5c9f000 	C:\WINDOWS\System32\KERNELBASE.dll
0x00007ffae5e00000 - 0x00007ffae5f4c000 	C:\WINDOWS\System32\ucrtbase.dll
0x00007ffaaf3e0000 - 0x00007ffaaf3fe000 	C:\Program Files\Microsoft\jdk-17.0.20.8-hotspot\bin\VCRUNTIME140.dll
0x00007ffaaf7b0000 - 0x00007ffaaf7c8000 	C:\Program Files\Microsoft\jdk-17.0.20.8-hotspot\bin\jli.dll
0x00007ffae6180000 - 0x00007ffae6346000 	C:\WINDOWS\System32\USER32.dll
0x00007ffae5f60000 - 0x00007ffae5f87000 	C:\WINDOWS\System32\win32u.dll
0x00007ffaca350000 - 0x00007ffaca5e1000 	C:\WINDOWS\WinSxS\amd64_microsoft.windows.common-controls_6595b64144ccf1df_6.0.26100.8972_none_3e0da176e32f9d4b\COMCTL32.dll
0x00007ffae64e0000 - 0x00007ffae650b000 	C:\WINDOWS\System32\GDI32.dll
0x00007ffae79f0000 - 0x00007ffae7a99000 	C:\WINDOWS\System32\msvcrt.dll
0x00007ffae5470000 - 0x00007ffae5599000 	C:\WINDOWS\System32\gdi32full.dll
0x00007ffae55a0000 - 0x00007ffae5643000 	C:\WINDOWS\System32\msvcp_win.dll
0x00007ffae6140000 - 0x00007ffae6172000 	C:\WINDOWS\System32\IMM32.DLL
0x00007ffacf100000 - 0x00007ffacf10c000 	C:\Program Files\Microsoft\jdk-17.0.20.8-hotspot\bin\vcruntime140_1.dll
0x00007ffa57590000 - 0x00007ffa57619000 	C:\Program Files\Microsoft\jdk-17.0.20.8-hotspot\bin\msvcp140.dll
0x00007ffa20ad0000 - 0x00007ffa2174b000 	C:\Program Files\Microsoft\jdk-17.0.20.8-hotspot\bin\server\jvm.dll
0x00007ffae80d0000 - 0x00007ffae818c000 	C:\WINDOWS\System32\ADVAPI32.dll
0x00007ffae6090000 - 0x00007ffae613a000 	C:\WINDOWS\System32\sechost.dll
0x00007ffae7380000 - 0x00007ffae7498000 	C:\WINDOWS\System32\RPCRT4.dll
0x00007ffae6420000 - 0x00007ffae64a2000 	C:\WINDOWS\System32\WS2_32.dll
0x00007ffae52d0000 - 0x00007ffae532e000 	C:\WINDOWS\SYSTEM32\POWRPROF.dll
0x00007ffadc210000 - 0x00007ffadc21b000 	C:\WINDOWS\SYSTEM32\VERSION.dll
0x00007ffaca2e0000 - 0x00007ffaca316000 	C:\WINDOWS\SYSTEM32\WINMM.dll
0x00007ffae52b0000 - 0x00007ffae52c5000 	C:\WINDOWS\SYSTEM32\UMPDC.dll
0x00007ffae4120000 - 0x00007ffae413b000 	C:\WINDOWS\SYSTEM32\kernel.appcore.dll
0x00007ffacc370000 - 0x00007ffacc37a000 	C:\Program Files\Microsoft\jdk-17.0.20.8-hotspot\bin\jimage.dll
0x00007ffad70f0000 - 0x00007ffad7332000 	C:\WINDOWS\SYSTEM32\DBGHELP.DLL
0x00007ffae6660000 - 0x00007ffae69e5000 	C:\WINDOWS\System32\combase.dll
0x00007ffae72a0000 - 0x00007ffae7379000 	C:\WINDOWS\System32\OLEAUT32.dll
0x00007ffabace0000 - 0x00007ffabad1b000 	C:\WINDOWS\SYSTEM32\dbgcore.DLL
0x00007ffae5cb0000 - 0x00007ffae5d5c000 	C:\WINDOWS\System32\bcryptPrimitives.dll
0x00007ffac3d50000 - 0x00007ffac3d5f000 	C:\Program Files\Microsoft\jdk-17.0.20.8-hotspot\bin\instrument.dll
0x00007ffaaf370000 - 0x00007ffaaf396000 	C:\Program Files\Microsoft\jdk-17.0.20.8-hotspot\bin\java.dll
0x00007ffa574b0000 - 0x00007ffa57586000 	C:\Program Files\Microsoft\jdk-17.0.20.8-hotspot\bin\jsvml.dll
0x00007ffae6b10000 - 0x00007ffae7298000 	C:\WINDOWS\System32\SHELL32.dll
0x00007ffae2f00000 - 0x00007ffae379b000 	C:\WINDOWS\SYSTEM32\windows.storage.dll
0x00007ffae76b0000 - 0x00007ffae77a9000 	C:\WINDOWS\System32\SHCORE.dll
0x00007ffae6a80000 - 0x00007ffae6ae6000 	C:\WINDOWS\System32\shlwapi.dll
0x00007ffae5390000 - 0x00007ffae53b9000 	C:\WINDOWS\SYSTEM32\profapi.dll
0x00007ffaa1570000 - 0x00007ffaa1588000 	C:\Program Files\Microsoft\jdk-17.0.20.8-hotspot\bin\zip.dll
0x00007ffaaf3c0000 - 0x00007ffaaf3db000 	C:\Program Files\Microsoft\jdk-17.0.20.8-hotspot\bin\net.dll
0x00007ffadbc70000 - 0x00007ffadbd98000 	C:\WINDOWS\SYSTEM32\WINHTTP.dll
0x00007ffae46b0000 - 0x00007ffae471c000 	C:\WINDOWS\system32\mswsock.dll
0x00007ffaad1c0000 - 0x00007ffaad1d6000 	C:\Program Files\Microsoft\jdk-17.0.20.8-hotspot\bin\nio.dll
0x00007ffacbe80000 - 0x00007ffacbe90000 	C:\Program Files\Microsoft\jdk-17.0.20.8-hotspot\bin\verify.dll
0x00007ffa98c50000 - 0x00007ffa98c77000 	C:\Users\ansga\.gradle\native\c067742578af261105cb4f569cf0c3c89f3d7b1fecec35dd04571415982c5e48\windows-amd64\native-platform.dll
0x00007ffa57360000 - 0x00007ffa574a4000 	C:\Users\ansga\.gradle\native\38dada09dfb8b06ba9b0570ebf7e218e3eb74d4ef43ca46872605cf95ebc2f47\windows-amd64\native-platform-file-events.dll
0x00007ffacbc60000 - 0x00007ffacbc6a000 	C:\Program Files\Microsoft\jdk-17.0.20.8-hotspot\bin\management.dll
0x00007ffac8ea0000 - 0x00007ffac8eac000 	C:\Program Files\Microsoft\jdk-17.0.20.8-hotspot\bin\management_ext.dll
0x00007ffae64d0000 - 0x00007ffae64d8000 	C:\WINDOWS\System32\PSAPI.DLL
0x00007ffae4ad0000 - 0x00007ffae4aeb000 	C:\WINDOWS\SYSTEM32\CRYPTSP.dll
0x00007ffae4080000 - 0x00007ffae40b9000 	C:\WINDOWS\system32\rsaenh.dll
0x00007ffae4760000 - 0x00007ffae4792000 	C:\WINDOWS\SYSTEM32\USERENV.dll
0x00007ffae5360000 - 0x00007ffae538a000 	C:\WINDOWS\SYSTEM32\bcrypt.dll
0x00007ffae4910000 - 0x00007ffae491c000 	C:\WINDOWS\SYSTEM32\CRYPTBASE.dll
0x00007ffae3ad0000 - 0x00007ffae3b03000 	C:\WINDOWS\SYSTEM32\IPHLPAPI.DLL
0x00007ffae77b0000 - 0x00007ffae77ba000 	C:\WINDOWS\System32\NSI.dll
0x00007ffadb9c0000 - 0x00007ffadb9dd000 	C:\WINDOWS\SYSTEM32\dhcpcsvc6.DLL
0x00007ffadb920000 - 0x00007ffadb945000 	C:\WINDOWS\SYSTEM32\dhcpcsvc.DLL
0x00007ffae3bc0000 - 0x00007ffae3d18000 	C:\WINDOWS\SYSTEM32\DNSAPI.dll
0x00007ffae44d0000 - 0x00007ffae44dd000 	C:\WINDOWS\SYSTEM32\DSPARSE.dll
0x00007ffac83c0000 - 0x00007ffac83c9000 	C:\Program Files\Microsoft\jdk-17.0.20.8-hotspot\bin\extnet.dll
0x00007ffac3bb0000 - 0x00007ffac3bbe000 	C:\Program Files\Microsoft\jdk-17.0.20.8-hotspot\bin\sunmscapi.dll
0x00007ffae5650000 - 0x00007ffae57ce000 	C:\WINDOWS\System32\CRYPT32.dll
0x00007ffae4c40000 - 0x00007ffae4c70000 	C:\WINDOWS\SYSTEM32\ncrypt.dll
0x00007ffae4bf0000 - 0x00007ffae4c2f000 	C:\WINDOWS\SYSTEM32\NTASN1.dll
0x00007ffacf0f0000 - 0x00007ffacf0f8000 	C:\WINDOWS\system32\wshunix.dll
0x00007ffabd130000 - 0x00007ffabd148000 	C:\WINDOWS\system32\napinsp.dll
0x00007ffabc6b0000 - 0x00007ffabc6c3000 	C:\WINDOWS\System32\winrnr.dll
0x00007ffabc680000 - 0x00007ffabc6a2000 	C:\WINDOWS\system32\nlansp_c.dll
0x00007ffabc660000 - 0x00007ffabc676000 	C:\WINDOWS\system32\wshbth.dll
0x00007ffadb950000 - 0x00007ffadb95b000 	C:\Windows\System32\rasadhlp.dll
0x00007ffad3c30000 - 0x00007ffad3cb6000 	C:\WINDOWS\System32\fwpuclnt.dll

dbghelp: loaded successfully - version: 4.0.5 - missing functions: none
symbol engine: initialized successfully - sym options: 0x614 - pdb path: .;C:\Program Files\Microsoft\jdk-17.0.20.8-hotspot\bin;C:\WINDOWS\SYSTEM32;C:\WINDOWS\WinSxS\amd64_microsoft.windows.common-controls_6595b64144ccf1df_6.0.26100.8972_none_3e0da176e32f9d4b;C:\Program Files\Microsoft\jdk-17.0.20.8-hotspot\bin\server;C:\Users\ansga\.gradle\native\c067742578af261105cb4f569cf0c3c89f3d7b1fecec35dd04571415982c5e48\windows-amd64;C:\Users\ansga\.gradle\native\38dada09dfb8b06ba9b0570ebf7e218e3eb74d4ef43ca46872605cf95ebc2f47\windows-amd64

VM Arguments:
jvm_args: --add-opens=java.base/java.util=ALL-UNNAMED --add-opens=java.base/java.lang=ALL-UNNAMED --add-opens=java.base/java.lang.invoke=ALL-UNNAMED --add-opens=java.prefs/java.util.prefs=ALL-UNNAMED --add-opens=java.base/java.nio.charset=ALL-UNNAMED --add-opens=java.base/java.net=ALL-UNNAMED --add-opens=java.base/java.util.concurrent.atomic=ALL-UNNAMED -Xmx2048m -Dfile.encoding=UTF-8 -Duser.country=DE -Duser.language=de -Duser.variant -javaagent:C:\Users\ansga\.gradle\wrapper\dists\gradle-8.5-bin\5t9huq95ubn472n8rpzujfbqh\gradle-8.5\lib\agents\gradle-instrumentation-agent-8.5.jar 
java_command: org.gradle.launcher.daemon.bootstrap.GradleDaemon 8.5
java_class_path (initial): C:\Users\ansga\.gradle\wrapper\dists\gradle-8.5-bin\5t9huq95ubn472n8rpzujfbqh\gradle-8.5\lib\gradle-launcher-8.5.jar
Launcher Type: SUN_STANDARD

[Global flags]
     intx CICompilerCount                          = 4                                         {product} {ergonomic}
     uint ConcGCThreads                            = 2                                         {product} {ergonomic}
     uint G1ConcRefinementThreads                  = 8                                         {product} {ergonomic}
   size_t G1HeapRegionSize                         = 1048576                                   {product} {ergonomic}
    uintx GCDrainStackTargetSize                   = 64                                        {product} {ergonomic}
   size_t InitialHeapSize                          = 266338304                                 {product} {ergonomic}
   size_t MarkStackSize                            = 4194304                                   {product} {ergonomic}
   size_t MaxHeapSize                              = 2147483648                                {product} {command line}
   size_t MaxNewSize                               = 1287651328                                {product} {ergonomic}
   size_t MinHeapDeltaBytes                        = 1048576                                   {product} {ergonomic}
   size_t MinHeapSize                              = 8388608                                   {product} {ergonomic}
    uintx NonNMethodCodeHeapSize                   = 5839372                                {pd product} {ergonomic}
    uintx NonProfiledCodeHeapSize                  = 122909434                              {pd product} {ergonomic}
    uintx ProfiledCodeHeapSize                     = 122909434                              {pd product} {ergonomic}
    uintx ReservedCodeCacheSize                    = 251658240                              {pd product} {ergonomic}
     bool SegmentedCodeCache                       = true                                      {product} {ergonomic}
   size_t SoftMaxHeapSize                          = 2147483648                             {manageable} {ergonomic}
     bool UseCompressedClassPointers               = true                           {product lp64_product} {ergonomic}
     bool UseCompressedOops                        = true                           {product lp64_product} {ergonomic}
     bool UseG1GC                                  = true                                      {product} {ergonomic}
     bool UseLargePagesIndividualAllocation        = false                                  {pd product} {ergonomic}

Logging:
Log output configuration:
 #0: stdout all=warning uptime,level,tags
 #1: stderr all=off uptime,level,tags

Environment Variables:
JAVA_HOME=C:\Program Files\Microsoft\jdk-17.0.20.8-hotspot
PATH=C:/Users/ansga/.gemini/antigravity-ide/bin;C:\WINDOWS\system32;C:\WINDOWS;C:\WINDOWS\System32\Wbem;C:\WINDOWS\System32\WindowsPowerShell\v1.0\;C:\WINDOWS\System32\OpenSSH\;C:\Program Files\Gpg4win\..\GnuPG\bin;C:\Program Files\Git\cmd;C:\Program Files\Git;C:\Program Files\Git\cmd;C:\Users\ansga\AppData\Local\Microsoft\WindowsApps;C:\Users\ansga\AppData\Local\Programs\cursor\resources\app\bin;C:\Users\ansga\AppData\Local\Microsoft\WinGet\Packages\OpenJS.NodeJS.LTS_Microsoft.Winget.Source_8wekyb3d8bbwe\node-v24.18.0-win-x64;C:\Users\ansga\AppData\Local\Microsoft\WinGet\Packages\GitHub.cli_Microsoft.Winget.Source_8wekyb3d8bbwe\bin;C:\Users\ansga\AppData\Local\Programs\Antigravity IDE\bin
USERNAME=ansga
OS=Windows_NT
PROCESSOR_IDENTIFIER=Intel64 Family 6 Model 142 Stepping 12, GenuineIntel
TMP=C:\Users\ansga\AppData\Local\Temp
TEMP=C:\Users\ansga\AppData\Local\Temp



Periodic native trim disabled


---------------  S Y S T E M  ---------------

OS:
 Windows 11 , 64 bit Build 26100 (10.0.26100.9168)
OS uptime: 0 days 10:47 hours
Hyper-V role detected

CPU: total 8 (initial active 8) (4 cores per cpu, 2 threads per core) family 6 model 142 stepping 12 microcode 0x100, cx8, cmov, fxsr, ht, mmx, 3dnowpref, sse, sse2, sse3, ssse3, sse4.1, sse4.2, popcnt, lzcnt, tsc, tscinvbit, avx, avx2, aes, erms, clmul, bmi1, bmi2, adx, fma, vzeroupper, clflush, clflushopt, hv
Processor Information for the first 8 processors :
  Max Mhz: 2101, Current Mhz: 2101, Mhz Limit: 2101

Memory: 4k page, system-wide physical 16157M (4574M free)
TotalPageFile size 17885M (AvailPageFile size 3930M)
current process WorkingSet (physical memory assigned to process): 1386M, peak: 1443M
current process commit charge ("private bytes"): 1439M, peak: 1498M

vm_info: OpenJDK 64-Bit Server VM (17.0.20+8-LTS) for windows-amd64 JRE (17.0.20+8-LTS), built on Jul 14 2026 18:14:29 by "MicrosoftCorporation" with MS VC++ 17.14 (VS2022)

END.
